case_id,step,row,col,tile,resource,delta,first_visit,decision,observedRatio,qEff,alpha,candidate_count,selected_row,selected_col,selected_tile,selected_score,selected_deltaR,selected_Iproxy,selected_tailGain,selected_pathLen,selected_margin,selected_projectedR,dominant_term,runner_up_row,runner_up_col,runner_up_tile,runner_up_score,score_gap
train_0194,0,0,1,S,0,0,True,best-target,0.02666666666666667,1.0,4.462933333333333,2,1,1, ,-8.2576704,0,0.72,0.0,1,8.0,0,margin,1,2,T,-1e+18,1e+18
train_0194,1,1,1, ,0,0,True,best-target,0.04,1.0,4.865651014492753,2,2,1, ,-8.206927972173913,0,0.72,0.0,1,8.0,0,margin,1,2,T,-1e+18,1e+18
train_0194,2,2,1, ,0,0,True,best-target,0.05333333333333334,1.0,5.210264401337792,2,3,1, ,-8.163506685431438,0,0.72,0.0,1,8.0,0,margin,1,2,T,-1e+18,1e+18
train_0194,3,3,1, ,0,0,True,best-target,0.06666666666666667,1.0,5.5015448544035666,2,4,1, ,-8.126805348345151,0,0.72,0.0,1,8.0,0,margin,1,2,T,-1e+18,1e+18
train_0194,4,4,1, ,0,0,True,best-target,0.08,1.0,5.745235883522853,2,5,1, ,-8.09610027867612,0,0.72,0.0,1,8.0,0,margin,1,2,T,-1e+18,1e+18
train_0194,5,5,1, ,0,0,True,best-target,0.09333333333333334,1.0,5.947198230627807,2,6,1, ,-8.070653022940895,0,0.72,0.0,1,8.0,0,margin,1,2,T,-1e+18,1e+18
train_0194,6,6,1, ,0,0,True,best-target,0.10666666666666667,1.0,6.112986654677684,3,7,1, ,-8.049763681510612,0,0.72,0.0,1,8.0,0,margin,7,2, ,-8.869763681510612,0.8200000000000003
train_0194,7,7,1, ,0,0,True,best-target,0.12,1.0,6.247657616425074,3,7,2, ,-8.03279514033044,0,0.72,0.0,1,8.0,0,margin,8,1, ,-8.03279514033044,0.0
train_0194,8,7,2, ,0,0,True,best-target,0.13333333333333333,1.0,6.355701850715817,3,7,3, ,-8.019181566809808,0,0.72,0.0,1,8.0,0,margin,8,1, ,-8.839181566809808,0.8200000000000003
train_0194,9,7,3, ,0,0,True,best-target,0.14666666666666667,1.0,6.4410437500762,3,7,4, ,-8.008428487490399,0,0.72,0.0,1,8.0,0,margin,8,1, ,-9.6484284874904,1.6400000000000006
train_0194,10,7,4, ,0,0,True,best-target,0.16,1.0,6.5070750000609605,4,7,5, ,-8.00010854999232,0,0.72,0.0,1,8.0,0,margin,8,5, ,-8.82010854999232,0.8200000000000003
train_0194,11,7,5, ,0,0,True,best-target,0.17333333333333334,1.0,6.556704025206002,4,7,6, ,-7.993855292824044,0,0.72,0.0,1,8.0,0,margin,8,5, ,-7.993855292824044,0.0
train_0194,12,7,6, ,0,0,True,best-target,0.18666666666666668,1.0,6.5924108392124205,6,7,7, ,-7.989356234259235,0,0.72,0.0,1,8.0,0,margin,6,7, ,-8.809356234259235,0.8200000000000003
train_0194,13,7,7, ,0,0,True,best-target,0.2,1.0,6.616301552725869,5,6,7, ,-7.986346004356541,0,0.72,0.0,1,8.0,0,margin,8,7, ,-7.986346004356541,0.0
train_0194,14,6,7, ,0,0,True,best-target,0.21333333333333335,1.0,6.6301595217505875,6,5,7, ,-7.984599900259426,0,0.72,0.0,1,8.0,0,margin,5,8, ,-8.804599900259426,0.8199999999999994
train_0194,15,5,7, ,0,0,True,best-target,0.22666666666666666,1.0,6.635491719964573,6,4,7, ,-7.983928043284464,0,0.72,0.0,1,8.0,0,margin,5,8, ,-7.983928043284464,0.0
train_0194,16,4,7, ,0,0,True,best-target,0.24,1.0,6.633569846559894,7,3,7, ,-7.9841701993334535,0,0.72,0.0,1,8.0,0,margin,3,8, ,-8.804170199333454,0.8200000000000003
train_0194,17,3,7, ,0,0,True,best-target,0.25333333333333335,1.0,6.625466205886413,7,2,7, ,-7.985191258058312,0,0.72,0.0,1,8.0,0,margin,3,8, ,-7.985191258058312,0.0
train_0194,18,2,7, ,0,0,True,best-target,0.26666666666666666,1.0,6.612084676420842,8,1,7, ,-7.986877330770974,0,0.72,0.0,1,8.0,0,margin,1,8, ,-8.806877330770973,0.8199999999999994
train_0194,19,1,7, ,0,0,True,best-target,0.28,1.0,6.594187221656155,7,1,8, ,-7.989132410071324,0,0.72,0.0,1,8.0,0,margin,3,8, ,-9.629132410071325,1.6400000000000006
train_0194,20,1,8, ,0,0,True,best-target,0.29333333333333333,1.0,6.572416443991591,7,1,9, ,-7.99187552805706,0,0.72,0.0,1,8.0,0,margin,3,8, ,-10.451875528057059,2.459999999999999
train_0194,21,1,9, ,0,0,True,best-target,0.30666666666666664,1.0,6.54731468129769,7,1,10, ,-7.9950383501564914,0,0.72,0.0,1,8.0,0,margin,3,8, ,-11.27503835015649,3.2799999999999994
train_0194,22,1,10, ,0,0,True,best-target,0.32,1.0,6.519340117131176,8,1,11, ,-7.998563145241472,0,0.72,0.0,1,8.0,0,margin,2,11, ,-8.818563145241471,0.8199999999999994
train_0194,23,1,11, ,0,0,True,best-target,0.3333333333333333,1.0,6.488880333405315,7,2,11, ,-8.00240107799093,0,0.72,0.0,1,8.0,0,margin,3,8, ,-12.92240107799093,4.92
train_0194,24,2,11, ,0,0,True,best-target,0.3466666666666667,1.0,6.456263687014108,8,3,11, ,-8.006510775436222,0,0.72,0.0,1,8.0,0,margin,3,12, ,-8.826510775436223,0.8200000000000003
train_0194,25,3,11, ,0,0,True,best-target,0.36,1.0,6.421768844348128,7,3,12, ,-8.010857125612135,0,0.72,0.0,1,8.0,0,margin,3,8, ,-14.570857125612136,6.5600000000000005
train_0194,26,3,12, ,0,0,True,best-target,0.37333333333333335,1.0,6.385632762553332,8,3,13, ,-8.015410271918281,0,0.72,0.0,1,8.0,0,margin,2,13, ,-8.83541027191828,0.8199999999999985
train_0194,27,3,13, ,0,0,True,best-target,0.38666666666666666,1.0,6.348057365158177,7,2,13, ,-8.02014477199007,0,0.72,0.0,1,8.0,0,margin,3,8, ,-16.22014477199007,8.200000000000001
train_0194,28,2,13, ,0,0,True,best-target,0.39555555555555555,1.0,6.318368222223629,7,1,13,G,55.61324764444588,50,5.818181818181819,0.0,1,0.0,50,deltaR,3,8, ,-7.013895212696978,62.62714285714286
train_0194,29,1,13,G,50,50,True,best-target,0.40444444444444444,1.6666666111111128,6.288607805292131,6,3,8, ,-11.490510957875683,0,5.702970297029703,0.0,13,0.0,50,pathLen,5,8, ,-14.22384420009791,2.7333332422222263
train_0194,30,2,13, ,50,0,False,hold-target,0.40444444444444444,1.612903173777317,6.264799471746932,6,3,8, ,-9.618573301730276,0,5.702970297029703,0.0,12,0.0,50,pathLen,5,8, ,-12.263734506725076,2.6451612049947997
train_0194,31,3,13, ,50,0,False,hold-target,0.40444444444444444,1.5624999511718767,6.245752804910773,6,3,8, ,-7.860364581996011,0,5.702970297029703,0.0,11,0.0,50,pathLen,5,8, ,-10.422864501917887,2.5624999199218763
train_0194,32,3,12, ,50,0,False,hold-target,0.40444444444444444,1.5151514692378343,6.230515471441846,6,3,8, ,-6.20606423070729,0,5.702970297029703,0.0,10,0.0,50,pathLen,5,8, ,-8.690912640257338,2.4848484095500476
train_0194,33,3,11, ,50,0,False,hold-target,0.40444444444444444,1.4705881920415238,6.218325604666704,6,3,8, ,-4.646928768648586,0,5.702970297029703,0.0,9,0.0,50,pathLen,5,8, ,-7.058693403596685,2.4117646349480992
train_0194,34,2,11, ,50,0,False,hold-target,0.40444444444444444,1.4285713877551034,6.208573711246591,6,3,8, ,-3.1751487977956927,0,5.702970297029703,0.0,8,0.0,50,pathLen,5,8, ,-5.518005873714062,2.342857075918369
train_0194,35,1,11, ,50,0,False,hold-target,0.40444444444444444,1.3888888503086432,6.2007721965105,6,3,8, ,-1.7837285610858844,0,5.702970297029703,0.0,7,0.0,50,pathLen,5,8, ,-4.06150627559206,2.2777777145061755
train_0194,36,1,10, ,50,0,False,hold-target,0.40444444444444444,1.351351314828343,6.194530984721627,6,3,8, ,-0.4663838822233686,0,5.702970297029703,0.0,6,0.0,50,pathLen,5,8, ,-2.6826000385418514,2.216216156318483
train_0194,37,1,9, ,50,0,False,hold-target,0.40444444444444444,1.3157894390581728,6.1895380152905295,6,3,8, ,0.7825448042306542,0,5.702970297029703,0.0,5,0.0,50,pathLen,5,8, ,-1.3753498758247495,2.1578946800554037
train_0194,38,1,8, ,50,0,False,hold-target,0.40444444444444444,1.2820512491781733,6.185543639745651,6,3,8, ,1.9681669411744185,0,5.702970297029703,0.0,4,0.0,50,Iproxy,5,8, ,-0.13439710747778566,2.102564048652204
train_0194,39,1,7, ,50,0,False,hold-target,0.40444444444444444,1.249999968750001,6.182348139309749,6,3,8, ,3.095105942641559,0,5.702970297029703,0.0,3,0.0,50,Iproxy,5,8, ,1.045105993891558,2.049999948750001
train_0194,40,2,7, ,50,0,False,hold-target,0.40444444444444444,1.219512165377752,6.179791738961026,6,3,8, ,4.167554576377233,0,5.702970297029703,0.0,2,0.0,50,Iproxy,5,8, ,2.1675546251577202,1.9999999512195128
train_0194,41,3,7, ,50,0,False,hold-target,0.40444444444444444,1.19047616213152,6.177746618682049,6,3,8, ,5.1893230041130485,0,5.702970297029703,0.0,1,0.0,50,Iproxy,5,8, ,3.236942098217355,1.9523809058956934
train_0194,42,3,8, ,50,0,True,best-target,0.41333333333333333,1.162790670632775,6.1700602232945485,6,5,8, ,2.224319129529259,0,5.592233009708737,0.0,4,0.0,50,Iproxy,8,7, ,0.3173424296915073,1.9069766998377515
train_0194,43,3,7, ,50,0,False,hold-target,0.41333333333333333,1.1363636105371908,6.163911106984548,6,5,8, ,3.23680027132164,0,5.592233009708737,0.0,3,0.0,50,Iproxy,8,7, ,1.373163950040647,1.863636321280993
train_0194,44,4,7, ,50,0,False,hold-target,0.41333333333333333,1.1111110864197538,6.158991813936549,6,5,8, ,4.205218350745429,0,5.592233009708737,0.0,2,0.0,50,Iproxy,8,7, ,2.3829961690170323,1.8222221817283963
train_0194,45,5,7, ,50,0,False,hold-target,0.41333333333333333,1.0869564981096413,6.1550563794981485,6,5,8, ,5.1322848274084745,0,5.592233009708737,0.0,1,0.0,50,Iproxy,8,7, ,3.3496761705086633,1.7826086568998112
train_0194,46,5,8, ,50,0,True,best-target,0.4222222222222222,1.0638297645993668,6.14581880390433,7,5,9, ,5.027645644776675,0,5.485714285714286,0.0,1,0.0,50,Iproxy,6,9, ,4.1553052378051945,0.8723404069714809
train_0194,47,5,9, ,50,0,True,best-target,0.4311111111111111,1.0416666449652783,6.139509897978319,7,5,10,G,62.159299190955416,50,12.11214953271028,0.0,1,0.0,100,deltaR,6,9, ,32.659299190955416,29.5
train_0194,48,5,10,G,100,50,True,best-target,0.44,2.0408162848813003,6.128174290064071,7,5,11, ,11.077630912328816,0,11.889908256880737,0.0,1,0.0,100,Iproxy,6,9, ,9.40416155872615,1.6734693536026661
train_0194,49,5,11, ,100,0,True,best-target,0.4488888888888889,1.999999960000001,6.112788707413576,6,6,9, ,7.569914322196382,0,11.675675675675674,0.0,3,0.0,100,Iproxy,8,7, ,1.0099144533963802,6.559999868800002
train_0194,50,5,10,G,100,0,False,hold-target,0.4488888888888889,1.9607842752787399,6.10048024129318,6,6,9, ,9.249078822104064,0,11.675675675675674,0.0,2,0.0,100,Iproxy,8,7, ,2.817706399189797,6.431372422914267
train_0194,51,5,9, ,100,0,False,hold-target,0.4488888888888889,1.9230768860946754,6.090633468396863,6,6,9, ,10.867722634775413,0,11.675675675675674,0.0,1,0.0,100,Iproxy,8,7, ,4.560030448384877,6.307692186390536
train_0194,52,6,9, ,100,0,True,best-target,0.4577777777777778,1.8867924172303319,6.076411807955857,7,7,9, ,10.64867267844094,0,11.46902654867257,0.0,1,0.0,100,Iproxy,7,10, ,9.101502896312068,1.5471697821288721
train_0194,53,7,9, ,100,0,True,best-target,0.4666666666666667,1.8518518175582999,6.034903551047881,7,7,10, ,6.416067743675585,0,7.5130434782608715,0.0,1,0.0,100,Iproxy,8,7, ,-2.6950431987112493,9.111110942386833
train_0194,54,7,10, ,100,0,True,best-target,0.47555555555555556,1.8181817851239677,5.995792759537491,7,7,11, ,6.25750004083141,0,7.384615384615383,0.0,1,0.0,100,Iproxy,8,7, ,-4.178863405780164,10.436363446611573
train_0194,55,7,11, ,100,0,True,best-target,0.48444444444444446,1.7857142538265314,5.958561318741104,6,8,7, ,-5.607693282368753,0,7.260504201680671,0.0,9,0.0,100,pathLen,8,5, ,-8.536264658644267,2.9285713762755146
train_0194,56,7,10, ,100,0,False,hold-target,0.48444444444444446,1.7543859341335801,5.928776166103995,6,8,7, ,-3.975738481572387,0,7.260504201680671,0.0,8,0.0,100,pathLen,8,5, ,-6.852931413551458,2.877192931979071
train_0194,57,7,9, ,100,0,False,hold-target,0.48444444444444446,1.7241379013079674,5.904948043994307,6,8,7, ,-2.393794038785556,0,7.260504201680671,0.0,7,0.0,100,pathLen,8,5, ,-5.221380196930623,2.827586158145067
train_0194,58,6,9, ,100,0,False,hold-target,0.48444444444444446,1.6949152255099116,5.8858855463065565,6,8,7, ,-0.8604459800839654,0,7.260504201680671,0.0,6,0.0,100,pathLen,8,5, ,-3.640106949920219,2.7796609698362538
train_0194,59,5,9, ,100,0,False,hold-target,0.48444444444444446,1.6666666388888893,5.870635548156356,6,8,7, ,0.6258272417424511,0,7.260504201680671,0.0,5,0.0,100,pathLen,8,5, ,-2.1075060460353274,2.7333332877777785
train_0194,60,5,8, ,100,0,False,hold-target,0.48444444444444446,1.6393442354205863,5.858435549636196,6,8,7, ,2.0666101944170556,0,7.260504201680671,0.0,4,0.0,100,Iproxy,8,5, ,-0.6219143516727055,2.688524546089761
train_0194,61,5,7, ,100,0,False,hold-target,0.48444444444444446,1.612903199791884,5.848675550820068,6,8,7, ,3.463516475436287,0,7.260504201680671,0.0,3,0.0,100,Iproxy,8,5, ,0.8183552277775972,2.64516124765869
train_0194,62,6,7, ,100,0,False,hold-target,0.48444444444444446,1.5873015621063244,5.8408675517671655,6,8,7, ,4.8181630333321435,0,7.260504201680671,0.0,2,0.0,100,Iproxy,8,5, ,2.2149884714777714,2.603174561854372
train_0194,63,7,7, ,100,0,False,hold-target,0.48444444444444446,1.562499975585938,5.834621152524844,6,8,7, ,6.132151013815801,0,7.260504201680671,0.0,1,0.0,100,Iproxy,8,5, ,3.569651053854863,2.562499959960938
train_0194,64,8,7, ,100,0,True,best-target,0.49777777777777776,1.5384615147929,5.820641366464319,6,9,7, ,5.952240038274783,0,7.081967213114756,0.0,1,0.0,100,Iproxy,8,5, ,2.1676247118842493,3.7846153263905338
train_0194,65,9,7, ,100,0,True,best-target,0.5111111111111111,1.5151514921946745,5.80039774117824,5,8,5, ,0.8040399897310344,0,6.912,0.0,5,0.0,100,pathLen,8,1, ,-4.165656904667498,4.969696894398532
train_0194,66,8,7, ,100,0,False,hold-target,0.5111111111111111,1.4925372911561599,5.784202840949377,5,8,5, ,2.1010494414201624,0,6.912,0.0,4,0.0,100,Iproxy,8,1, ,-2.794472873572041,4.895522314992204
train_0194,67,7,7, ,100,0,False,hold-target,0.5111111111111111,1.4705882136678203,5.771246920766287,5,8,5, ,3.363253269736062,0,6.912,0.0,3,0.0,100,Iproxy,8,1, ,-1.4602760710943894,4.823529340830452
train_0194,68,7,6, ,100,0,False,hold-target,0.5111111111111111,1.4492753413148503,5.760882184619815,5,8,5, ,4.591551530759774,0,6.912,0.0,2,0.0,100,Iproxy,8,1, ,-0.16207158875293448,4.753623119512708
train_0194,69,7,5, ,100,0,False,hold-target,0.5111111111111111,1.4285714081632657,5.752590395702637,5,8,5, ,5.786904787948032,0,6.912,0.0,1,0.0,100,Iproxy,8,1, ,1.1011905691725206,4.685714218775511
train_0194,70,8,5, ,100,0,True,best-target,0.52,1.4084506843880187,5.739876827840305,5,9,5, ,5.678687575569179,0,6.803149606299211,0.0,1,0.0,100,Iproxy,8,1, ,-0.09596023042169843,5.7746478059908775
train_0194,71,9,5, ,100,0,True,best-target,0.5288888888888889,1.3888888695987658,5.723595289432738,5,10,5, ,5.569697233612966,0,6.697674418604652,0.0,1,0.0,100,Iproxy,8,1, ,-1.2636360048129616,6.8333332384259275
train_0194,72,10,5, ,100,0,True,best-target,0.5422222222222223,1.3698629949333836,5.707146762947156,5,11,5,G,60.861720546343655,50,12.0,0.0,1,0.0,150,deltaR,8,1, ,9.148706955426032,51.713013590917626
train_0194,73,11,5,G,150,50,True,best-target,0.5555555555555556,2.0270269996347703,5.684582658584675,4,8,1, ,-3.2871161983440693,0,11.733333333333336,0.0,9,0.0,150,pathLen,8,9,T,-39.93576475714612,36.64864855880205
train_0194,74,10,5, ,150,0,False,hold-target,0.5555555555555556,1.9999999733333338,5.6665313750946895,4,8,1, ,-1.4847220682055724,0,11.733333333333336,0.0,8,0.0,150,pathLen,8,9,T,-38.044721980738906,36.559999912533335
train_0194,75,9,5, ,150,0,False,hold-target,0.5555555555555556,1.9736841845567872,5.652090348302702,4,8,1, ,0.2766782958255902,0,11.733333333333336,0.0,7,0.0,150,pathLen,8,9,T,-36.19700582952067,36.47368412534626
train_0194,76,8,5, ,150,0,False,hold-target,0.5555555555555556,1.9480519227525726,5.640537526869111,4,8,1, ,1.9974882618952527,0,11.733333333333336,0.0,6,0.0,150,Iproxy,8,9,T,-34.392122044733185,36.38961030662844
train_0194,77,7,5, ,150,0,False,hold-target,0.5555555555555556,1.9230768984220912,5.631295269722239,4,8,1, ,3.6783110036324267,0,11.733333333333336,0.0,5,0.0,150,Iproxy,8,9,T,-32.62938122319203,36.30769222682446
train_0194,78,7,4, ,150,0,False,hold-target,0.5555555555555556,1.8987341531805804,5.623901464004741,4,8,1, ,5.319896316990768,0,11.733333333333336,0.0,4,0.0,150,Iproxy,1,2,T,-34.02187571665769,39.34177203364845
train_0194,79,7,3, ,150,0,False,hold-target,0.5555555555555556,1.8749999765625003,5.617986419430743,4,8,1, ,6.923098838887376,0,11.733333333333336,0.0,3,0.0,150,Iproxy,1,2,T,-32.30190104580012,39.2249998846875
train_0194,80,7,2, ,150,0,False,hold-target,0.5555555555555556,1.8518518289894836,5.613254383771544,4,8,1, ,8.488845335134819,0,11.733333333333336,0.0,2,0.0,150,Iproxy,1,2,T,-30.62226566349344,39.11111099862826
train_0194,81,7,1, ,150,0,False,hold-target,0.5555555555555556,1.8292682703747773,5.609468755244185,4,8,1, ,10.018109195727412,0,11.733333333333336,0.0,1,0.0,150,Iproxy,1,2,T,-28.98189069451649,38.9999998902439
train_0194,82,8,1, ,150,0,True,best-target,0.5688888888888889,1.8072288938888086,5.596982411602756,5,9,1, ,9.760706542491498,0,11.478260869565219,0.0,1,0.0,150,Iproxy,9,2, ,8.278778849502675,1.4819276929888225
train_0194,83,9,1, ,150,0,True,best-target,0.5822222222222222,1.7857142644557826,5.5774861560395745,4,9,2, ,9.500814746083634,0,11.23404255319149,0.0,1,0.0,150,Iproxy,1,2,T,-32.213470828746296,41.71428557482993
train_0194,84,9,2, ,150,0,True,best-target,0.5911111111111111,1.7647058615916957,5.555525091871182,5,10,3, ,7.87505410353991,0,11.076923076923077,0.0,2,0.0,150,Iproxy,1,2,T,-33.70141634850161,41.57647045204152
train_0194,85,9,3, ,150,0,True,hold-target,0.5911111111111111,1.7441860262303952,5.537956240536468,4,10,3, ,9.304882632454076,0,11.076923076923077,0.0,1,0.0,150,Iproxy,1,2,T,-34.99744278263516,44.302325415089236
train_0194,86,10,3, ,150,0,True,best-target,0.6,1.7241379112168056,5.5175173103099695,5,11,3, ,9.134177936374106,0,10.924137931034483,0.0,1,0.0,150,Iproxy,11,2, ,7.720384849176325,1.4137930871977815
train_0194,87,11,3, ,150,0,True,best-target,0.6088888888888889,1.7045454351756202,5.494763303585666,4,11,2, ,8.963826401346104,0,10.775510204081634,0.0,1,0.0,150,Iproxy,1,2,T,-37.808900680782,46.77272708212811
train_0194,88,11,2, ,150,0,True,best-target,0.6177777777777778,1.6853932394899636,5.470138958280719,4,11,1, ,8.794638746540482,0,10.630872483221479,0.0,1,0.0,150,Iproxy,1,2,T,-39.171653186422525,47.966291932963
train_0194,89,11,1, ,150,0,True,best-target,0.6266666666666667,1.6666666481481485,5.444000763227548,3,1,2,T,-40.50611227840318,-30,10.490066225165563,0.0,15,0.0,120,deltaR,8,9,T,-48.706112187292064,8.199999908888884
train_0194,90,11,2, ,150,0,False,hold-target,0.6266666666666667,1.6483516302378942,5.423090207185011,3,1,2,T,-38.96757601690795,-30,10.490066225165563,0.0,14,0.0,120,deltaR,8,9,T,-47.077466037678384,8.109890020770436
train_0194,91,11,3, ,150,0,False,hold-target,0.6266666666666667,1.6304347648865787,5.406361762350981,3,1,2,T,-37.45564333194463,-30,10.490066225165563,0.0,13,0.0,120,deltaR,8,9,T,-45.47738237518659,8.021739043241965
train_0194,92,10,3, ,150,0,False,hold-target,0.6266666666666667,1.6129032084634065,5.392979006483756,3,1,2,T,-35.97074385871504,-30,10.490066225165563,0.0,12,0.0,120,deltaR,8,9,T,-43.906227644355,7.93548378563996
train_0194,93,9,3, ,150,0,False,hold-target,0.6266666666666667,1.5957446638750568,5.382272801789977,3,1,2,T,-34.513047194933264,-30,10.490066225165563,0.0,11,0.0,120,deltaR,8,9,T,-42.36411094119855,7.851063746265282
train_0194,94,9,2, ,150,0,False,hold-target,0.6266666666666667,1.5789473518005543,5.373707838034953,3,1,2,T,-33.082521843020906,-30,10.490066225165563,0.0,10,0.0,120,deltaR,8,9,T,-40.850942813879634,7.7684209708587275
train_0194,95,9,1, ,150,0,False,hold-target,0.6266666666666667,1.5624999837239586,5.366855867030935,3,1,2,T,-31.678982023320067,-30,10.490066225165563,0.0,9,0.0,120,deltaR,8,9,T,-39.36648194324194,7.687499919921876
train_0194,96,8,1, ,150,0,False,hold-target,0.6266666666666667,1.5463917366351367,5.361374290227721,3,1,2,T,-30.302124803908455,-30,10.490066225165563,0.0,8,0.0,120,deltaR,8,9,T,-37.91037214815333,7.608247344244873
train_0194,97,7,1, ,150,0,False,hold-target,0.6266666666666667,1.530612229279467,5.356989028785149,3,1,2,T,-28.951559502161867,-30,10.490066225165563,0.0,7,0.0,120,deltaR,8,9,T,-36.48217167021684,7.530612168054976
train_0194,98,6,1, ,150,0,False,hold-target,0.6266666666666667,1.5151514998469546,5.353480819631091,3,1,2,T,-27.62683092095736,-30,10.490066225165563,0.0,6,0.0,120,deltaR,8,9,T,-37.566224759953386,9.939393838996025
train_0194,99,5,1, ,150,0,False,hold-target,0.6266666666666667,1.499999985,5.350674252307845,3,1,2,T,-26.327437668700433,-30,10.490066225165563,0.0,5,0.0,120,deltaR,8,9,T,-38.62743754570043,12.299999876999998
train_0194,100,4,1, ,150,0,False,hold-target,0.6266666666666667,1.4851485001470446,5.348428998449249,3,1,2,T,-25.05284656147481,-30,10.490066225165563,0.0,4,0.0,120,deltaR,8,9,T,-39.66670780292173,14.61386124144692
train_0194,101,3,1, ,150,0,False,hold-target,0.6266666666666667,1.4705882208765861,5.346632795362371,3,1,2,T,-23.802503904982565,-30,10.490066225165563,0.0,3,0.0,120,deltaR,8,9,T,-40.68485668064578,16.882352775663215
train_0194,102,2,1, ,150,0,False,hold-target,0.6266666666666667,1.456310665472712,5.34519583289287,3,1,2,T,-22.575844293508336,-30,10.490066225165563,0.0,2,0.0,120,deltaR,8,9,T,-41.682640224510315,19.10679593100198
train_0194,103,1,1, ,150,0,False,hold-target,0.6266666666666667,1.4423076784393494,5.344046262917267,3,1,2,T,-21.372297434858897,-30,10.490066225165563,0.0,1,0.0,120,deltaR,8,9,T,-42.660758768623694,21.288461333764797
train_0194,104,1,2,T,120,-30,True,best-target,0.64,1.1428571319727892,5.317409849839986,4,1,3, ,6.023830046118293,0,7.4805194805194795,0.0,1,0.0,120,Iproxy,2,3,T,-24.913312802099394,30.93714284821769
train_0194,105,1,3, ,120,0,True,best-target,0.6533333333333333,1.132075461018156,5.286784445528555,4,1,4, ,5.860333435459106,0,7.337579617834397,0.0,1,0.0,120,Iproxy,2,3,T,-24.139666564540892,30.0
train_0194,106,1,4, ,120,0,True,best-target,0.6666666666666666,1.1214953166215391,5.252919619914907,4,2,3,T,-26.875243278439736,-30,5.3999999999999995,0.0,2,0.0,90,deltaR,8,9,T,-43.61309679075978,16.737853512320047
train_0194,107,1,3, ,120,0,False,hold-target,0.6666666666666666,1.1111111008230454,5.225827759423989,4,2,3,T,-25.972703870019227,-30,5.3999999999999995,0.0,1,0.0,90,deltaR,8,9,T,-42.548790179298614,16.576086309279386
train_0194,108,2,3,T,90,-30,True,best-target,0.6755555555555556,1.0,5.197885736950957,5,3,3, ,2.9532800164532866,0,4.148148148148148,0.0,1,0.0,90,Iproxy,3,4, ,2.133280016453287,0.8199999999999998
train_0194,109,3,3, ,90,0,True,best-target,0.6844444444444444,1.0,5.169243990077561,4,3,4, ,1.8276615558933846,0,2.926829268292683,0.0,1,0.0,90,Iproxy,8,9,T,-42.50561226585587,44.33327382174926
train_0194,110,3,4, ,90,0,True,best-target,0.6933333333333334,1.0,5.14002354455247,5,4,5, ,-0.07941453828045453,0,1.734939759036145,0.0,2,0.0,90,pathLen,8,9,T,-43.437658153121816,43.35824361484136
train_0194,111,3,5, ,90,0,True,hold-target,0.6933333333333334,1.0,5.116647188132397,4,4,5, ,0.7334880619389931,0,1.734939759036145,0.0,1,0.0,90,Iproxy,8,9,T,-44.28604775224403,45.01953581418302
train_0194,112,4,5, ,90,0,True,best-target,0.7022222222222222,1.0,5.091620780808948,5,5,4, ,-1.1308379219191051,0,0.5714285714285715,0.0,2,0.0,90,pathLen,8,9,T,-45.21005506302926,44.079217141110156
train_0194,113,5,5, ,90,0,True,hold-target,0.7022222222222222,1.0,5.071599654950189,4,5,4, ,-0.312840034504981,0,0.5714285714285715,0.0,1,0.0,90,pathLen,8,9,T,-46.05408041405977,45.74124037955479
train_0194,114,5,4, ,90,0,True,best-target,0.7066666666666667,1.0,5.052413433941319,4,8,9,T,-46.93297900424514,-30,6.816568047337279,0.0,28,0.0,60,deltaR,1,5, ,-1e+18,1e+18
train_0194,115,5,5, ,90,0,False,hold-target,0.7066666666666667,1.0,5.037064457134223,4,8,9,T,-46.1312887895961,-30,6.816568047337279,0.0,27,0.0,60,deltaR,1,5, ,-1e+18,1e+18
train_0194,116,4,5, ,90,0,False,hold-target,0.7066666666666667,1.0,5.024785275688545,4,8,9,T,-45.32593661787686,-30,6.816568047337279,0.0,26,0.0,60,deltaR,1,5, ,-1e+18,1e+18
train_0194,117,3,5, ,90,0,False,hold-target,0.7066666666666667,1.0,5.014961930532004,4,8,9,T,-44.51765488050147,-30,6.816568047337279,0.0,25,0.0,60,deltaR,1,5, ,-1e+18,1e+18
train_0194,118,3,4, ,90,0,False,hold-target,0.7066666666666667,1.0,5.00710325440677,4,8,9,T,-43.70702949060116,-30,6.816568047337279,0.0,24,0.0,60,deltaR,1,5, ,-1e+18,1e+18
train_0194,119,3,3, ,90,0,False,hold-target,0.7066666666666667,1.0,5.000816313506584,4,8,9,T,-42.8945291786809,-30,6.816568047337279,0.0,23,0.0,60,deltaR,1,5, ,-1e+18,1e+18
train_0194,120,2,3,T,90,0,False,hold-target,0.7066666666666667,1.0,4.995786760786435,4,8,9,T,-42.080528929144705,-30,6.816568047337279,0.0,22,0.0,60,deltaR,1,5, ,-1e+18,1e+18
train_0194,121,1,3, ,90,0,False,hold-target,0.7066666666666667,1.0,4.991763118610315,4,8,9,T,-41.265328729515744,-30,6.816568047337279,0.0,21,0.0,60,deltaR,1,5, ,-1e+18,1e+18
train_0194,122,1,2,T,90,0,False,hold-target,0.7066666666666667,1.0,4.988544204869419,4,8,9,T,-40.44916856981257,-30,6.816568047337279,0.0,20,0.0,60,deltaR,1,5, ,-1e+18,1e+18
train_0194,123,1,1, ,90,0,False,hold-target,0.7066666666666667,1.0,4.985969073876703,4,8,9,T,-39.63224044205003,-30,6.816568047337279,0.0,19,0.0,60,deltaR,1,5, ,-1e+18,1e+18
train_0194,124,2,1, ,90,0,False,hold-target,0.7066666666666667,1.0,4.98390896908253,4,8,9,T,-38.81469793984001,-30,6.816568047337279,0.0,18,0.0,60,deltaR,1,5, ,-1e+18,1e+18
train_0194,125,3,1, ,90,0,False,hold-target,0.7066666666666667,1.0,4.982260885247192,4,8,9,T,-37.99666393807199,-30,6.816568047337279,0.0,17,0.0,60,deltaR,1,5, ,-1e+18,1e+18
train_0194,126,4,1, ,90,0,False,hold-target,0.7066666666666667,1.0,4.9809424181789215,4,8,9,T,-37.17823673665757,-30,6.816568047337279,0.0,16,0.0,60,deltaR,1,5, ,-1e+18,1e+18
train_0194,127,5,1, ,90,0,False,hold-target,0.7066666666666667,1.0,4.979887644524305,4,8,9,T,-36.35949497552603,-30,6.816568047337279,0.0,15,0.0,60,deltaR,1,5, ,-1e+18,1e+18
train_0194,128,6,1, ,90,0,False,hold-target,0.7066666666666667,1.0,4.979043825600612,4,8,9,T,-35.540501566620804,-30,6.816568047337279,0.0,14,0.0,60,deltaR,1,5, ,-1e+18,1e+18
train_0194,129,7,1, ,90,0,False,hold-target,0.7066666666666667,1.0,4.978368770461657,4,8,9,T,-34.72130683949663,-30,6.816568047337279,0.0,13,0.0,60,deltaR,1,5, ,-1e+18,1e+18
train_0194,130,7,2, ,90,0,False,hold-target,0.7066666666666667,1.0,4.977828726350493,4,8,9,T,-33.90195105779728,-30,6.816568047337279,0.0,12,0.0,60,deltaR,1,5, ,-1e+18,1e+18
train_0194,131,7,3, ,90,0,False,hold-target,0.7066666666666667,1.0,4.977396691061562,4,8,9,T,-33.082466432437805,-30,6.816568047337279,0.0,11,0.0,60,deltaR,1,5, ,-1e+18,1e+18
train_0194,132,7,4, ,90,0,False,hold-target,0.7066666666666667,1.0,4.977051062830418,4,8,9,T,-32.26287873215023,-30,6.816568047337279,0.0,10,0.0,60,deltaR,1,5, ,-1e+18,1e+18
train_0194,133,7,5, ,90,0,False,hold-target,0.7066666666666667,1.0,4.976774560245501,4,8,9,T,-31.443208571920156,-30,6.816568047337279,0.0,9,0.0,60,deltaR,1,5, ,-1e+18,1e+18
train_0194,134,7,6, ,90,0,False,hold-target,0.7066666666666667,1.0,4.9765533581775685,4,8,9,T,-30.623472443736105,-30,6.816568047337279,0.0,8,0.0,60,deltaR,1,5, ,-1e+18,1e+18
train_0194,135,7,7, ,90,0,False,hold-target,0.7066666666666667,1.0,4.976376396523222,4,8,9,T,-29.803683541188864,-30,6.816568047337279,0.0,7,0.0,60,deltaR,1,5, ,-1e+18,1e+18
train_0194,136,6,7, ,90,0,False,hold-target,0.7066666666666667,1.0,4.976234827199746,4,8,9,T,-28.98385241915107,-30,6.816568047337279,0.0,6,0.0,60,deltaR,1,5, ,-1e+18,1e+18
train_0194,137,5,7, ,90,0,False,hold-target,0.7066666666666667,1.0,4.976121571740964,4,8,9,T,-28.163987521520838,-30,6.816568047337279,0.0,5,0.0,60,deltaR,1,5, ,-1e+18,1e+18
train_0194,138,5,8, ,90,0,False,hold-target,0.7066666666666667,1.0,4.976030967373939,4,8,9,T,-27.34409560341665,-30,6.816568047337279,0.0,4,0.0,60,deltaR,1,5, ,-1e+18,1e+18
train_0194,139,5,9, ,90,0,False,hold-target,0.7066666666666667,1.0,4.975958483880318,4,8,9,T,-26.5241820689333,-30,6.816568047337279,0.0,3,0.0,60,deltaR,1,5, ,-1e+18,1e+18
train_0194,140,6,9, ,90,0,False,hold-target,0.7066666666666667,1.0,4.975900497085422,4,8,9,T,-25.704251241346622,-30,6.816568047337279,0.0,2,0.0,60,deltaR,1,5, ,-1e+18,1e+18
train_0194,141,7,9, ,90,0,False,hold-target,0.7066666666666667,1.0,4.975854107649505,4,8,9,T,-24.884306579277276,-30,6.816568047337279,0.0,1,0.0,60,deltaR,1,5, ,-1e+18,1e+18
train_0194,142,8,9,T,60,-30,True,best-target,0.7155555555555555,1.0,4.9739346827676485,5,9,9,G,58.70901170803907,50,10.947368421052628,0.0,1,0.0,110,deltaR,9,10, ,57.88901170803907,0.8200000000000003
train_0194,143,9,9,G,110,50,True,best-target,0.7244444444444444,1.0,4.9659813864842235,4,9,10, ,8.583789030128505,0,10.820809248554914,0.0,1,0.0,110,Iproxy,1,5, ,-1e+18,1e+18
train_0194,144,9,10, ,110,0,True,best-target,0.7333333333333333,1.0,4.953185837784829,5,9,11, ,8.452363888333197,0,10.697142857142856,0.0,1,0.0,110,Iproxy,10,11, ,7.632363888333198,0.8199999999999994
train_0194,145,9,11, ,110,0,True,best-target,0.7422222222222222,1.0,4.936501823381016,4,10,11, ,8.31671184937639,0,10.57627118644068,0.0,1,0.0,110,Iproxy,1,5, ,-1e+18,1e+18
train_0194,146,10,11, ,110,0,True,best-target,0.7555555555555555,1.0,4.913456777853749,6,11,11, ,8.122491335693821,0,10.399999999999999,0.0,1,0.0,110,Iproxy,11,10, ,7.302491335693822,0.8199999999999994
train_0194,147,11,11, ,110,0,True,best-target,0.7688888888888888,1.0,4.885292472893819,6,11,10, ,7.925474394098444,0,10.229508196721312,0.0,1,0.0,110,Iproxy,11,12, ,7.925474394098444,0.0
train_0194,148,11,10, ,110,0,True,best-target,0.7777777777777778,1.0,4.8562593093455675,6,11,9, ,7.779516485089772,0,10.118918918918919,0.0,1,0.0,110,Iproxy,11,12, ,6.959516485089773,0.8199999999999994
train_0194,149,11,9, ,110,0,True,best-target,0.7866666666666666,1.0,4.826518558587565,6,11,8, ,7.6354410684132965,0,10.010695187165776,0.0,1,0.0,110,Iproxy,11,12, ,5.995441068413297,1.6399999999999997
train_0194,150,11,8, ,110,0,True,best-target,0.7955555555555556,1.0,4.800260532149239,6,11,7,G,49.18,50,0.0,0.0,1,0.0,160,deltaR,11,12, ,18.49062527715817,30.68937472284183
train_0194,151,11,7,G,160,50,True,best-target,0.7955555555555556,1.0526315720221606,4.779254110998579,5,11,12, ,7.154420421105728,0,13.714285714285712,0.0,5,0.0,160,Iproxy,12,11, ,7.154420421105728,0.0
train_0194,152,11,8, ,160,0,False,hold-target,0.7955555555555556,1.0457516271519502,4.762448974078051,5,11,12, ,7.999812200728924,0,13.714285714285712,0.0,4,0.0,160,Iproxy,12,11, ,7.999812200728924,0.0
train_0194,153,11,9, ,160,0,False,hold-target,0.7955555555555556,1.0389610322145388,4.749004864541629,5,11,12, ,8.84176753565214,0,13.714285714285712,0.0,3,0.0,160,Iproxy,12,11, ,8.84176753565214,0.0
train_0194,154,11,10, ,160,0,False,hold-target,0.7955555555555556,1.0322580578563996,4.738249576912491,5,11,12, ,9.67889576970548,0,13.714285714285712,0.0,2,0.0,160,Iproxy,12,11, ,9.67889576970548,0.0
train_0194,155,11,11, ,160,0,False,hold-target,0.7955555555555556,1.0256410190664038,4.72964534680918,5,11,12, ,10.510123196707578,0,13.714285714285712,0.0,1,0.0,160,Iproxy,12,11, ,10.510123196707578,0.0
train_0194,156,11,12, ,160,0,True,best-target,0.8088888888888889,1.0191082737636417,4.7013136371833175,6,12,11, ,7.584373654232284,0,11.25,0.0,2,0.0,160,Iproxy,11,13,T,-21.579957561281528,29.164331215513812
train_0194,157,11,11, ,160,0,False,hold-target,0.8088888888888889,1.012658221438872,4.678648269482627,6,12,11, ,8.380709038964046,0,11.25,0.0,1,0.0,160,Iproxy,11,13,T,-22.44967070261583,30.830379741579875
train_0194,158,12,11, ,160,0,True,best-target,0.8222222222222222,1.0062893018472372,4.650886095260899,8,13,11, ,8.190406587914085,0,11.076923076923078,0.0,1,0.0,160,Iproxy,13,10, ,7.365249360399351,0.8251572275147341
train_0194,159,13,11, ,160,0,True,best-target,0.8355555555555556,1.0,4.619016568516411,7,13,10, ,7.9981225398949665,0,10.90909090909091,0.0,1,0.0,160,Iproxy,13,12, ,7.9981225398949665,0.0
train_0194,160,13,10, ,160,0,True,best-target,0.8444444444444444,1.0,4.587065106664981,7,13,9, ,7.849553051596812,0,10.799999999999999,0.0,1,0.0,160,Iproxy,13,12, ,7.029553051596813,0.8199999999999994
train_0194,161,13,9, ,160,0,True,best-target,0.8533333333333334,1.0,4.555035733130727,7,13,8, ,7.703779738234724,0,10.693069306930692,0.0,1,0.0,160,Iproxy,13,12, ,6.063779738234724,1.6399999999999997
train_0194,162,13,8, ,160,0,True,best-target,0.8622222222222222,1.0,4.522932013295859,7,13,7, ,7.560726965812913,0,10.588235294117647,0.0,1,0.0,160,Iproxy,13,12, ,5.100726965812914,2.459999999999999
train_0194,163,13,7, ,160,0,True,best-target,0.8711111111111111,1.0,4.4907571332704315,7,13,6, ,7.420321341632151,0,10.485436893203884,0.0,1,0.0,160,Iproxy,13,12, ,4.140321341632152,3.2799999999999994
train_0194,164,13,6, ,160,0,True,best-target,0.88,1.0,4.458513963497079,7,13,5, ,7.282491722124501,0,10.384615384615385,0.0,1,0.0,160,Iproxy,13,12, ,3.1824917221245013,4.1
train_0194,165,13,5, ,160,0,True,best-target,0.8888888888888888,1.0,4.426205110191603,7,13,4, ,7.147169198344886,0,10.285714285714288,0.0,1,0.0,160,Iproxy,13,12, ,2.227169198344887,4.919999999999999
train_0194,166,13,4, ,160,0,True,best-target,0.8977777777777778,1.0,4.393832957022151,7,13,3, ,7.014287064879118,0,10.18867924528302,0.0,1,0.0,160,Iproxy,13,12, ,1.2742870648791182,5.739999999999999
train_0194,167,13,3, ,160,0,True,best-target,0.9066666666666666,1.0,4.364971127522483,7,13,2,G,59.460118917155754,50,13.457943925233643,0.0,1,0.0,210,deltaR,13,12, ,8.491028008064845,50.96909090909091
train_0194,168,13,2,G,210,50,True,best-target,0.9155555555555556,1.2426035429431743,4.335304335646305,7,13,1, ,9.096775211294641,0,13.333333333333332,0.0,1,0.0,210,Iproxy,13,12, ,-0.07363893562598456,9.170414146920626
train_0194,169,13,1,B,210,0,True,exit,0.9244444444444444,1.2280701682568995,4.3049842092577855,6,13,12, ,-1.124385388017032,0,13.211009174311927,0.0,11,0.0,210,pathLen,11,13,T,-34.14543800192901,33.021052613911976
