case_id,maze_file,ok,finished,resource,steps,score_ratio,duration_sec,timeout,error
train_0001,C:\Users\tao20\Desktop\Algorithm\AIPlayerDesktop\data\蔡扬的\train\train_0001.json,True,True,200,76,2.6315789473684212,0.553897,False,
train_0002,C:\Users\tao20\Desktop\Algorithm\AIPlayerDesktop\data\蔡扬的\train\train_0002.json,True,True,280,136,2.0588235294117645,0.777378,False,
train_0003,C:\Users\tao20\Desktop\Algorithm\AIPlayerDesktop\data\蔡扬的\train\train_0003.json,True,True,270,136,1.9852941176470589,0.790763,False,
train_0004,C:\Users\tao20\Desktop\Algorithm\AIPlayerDesktop\data\蔡扬的\train\train_0004.json,True,True,280,186,1.5053763440860215,1.025656,False,
train_0005,C:\Users\tao20\Desktop\Algorithm\AIPlayerDesktop\data\蔡扬的\train\train_0005.json,True,True,210,120,1.75,0.489721,False,
train_0006,C:\Users\tao20\Desktop\Algorithm\AIPlayerDesktop\data\蔡扬的\train\train_0006.json,True,True,230,196,1.1734693877551021,1.078032,False,
train_0007,C:\Users\tao20\Desktop\Algorithm\AIPlayerDesktop\data\蔡扬的\train\train_0007.json,True,True,180,114,1.5789473684210527,0.956334,False,
train_0008,C:\Users\tao20\Desktop\Algorithm\AIPlayerDesktop\data\蔡扬的\train\train_0008.json,True,True,200,74,2.7027027027027026,0.590392,False,
train_0009,C:\Users\tao20\Desktop\Algorithm\AIPlayerDesktop\data\蔡扬的\train\train_0009.json,True,True,280,218,1.2844036697247707,1.091909,False,
train_0010,C:\Users\tao20\Desktop\Algorithm\AIPlayerDesktop\data\蔡扬的\train\train_0010.json,True,True,260,178,1.4606741573033708,0.910118,False,
train_0011,C:\Users\tao20\Desktop\Algorithm\AIPlayerDesktop\data\蔡扬的\train\train_0011.json,True,True,230,120,1.9166666666666667,0.920071,False,
train_0012,C:\Users\tao20\Desktop\Algorithm\AIPlayerDesktop\data\蔡扬的\train\train_0012.json,True,True,240,144,1.6666666666666667,1.392194,False,
train_0013,C:\Users\tao20\Desktop\Algorithm\AIPlayerDesktop\data\蔡扬的\train\train_0013.json,True,True,280,218,1.2844036697247707,1.39198,False,
train_0014,C:\Users\tao20\Desktop\Algorithm\AIPlayerDesktop\data\蔡扬的\train\train_0014.json,True,True,220,118,1.8644067796610169,0.942763,False,
train_0015,C:\Users\tao20\Desktop\Algorithm\AIPlayerDesktop\data\蔡扬的\train\train_0015.json,True,True,270,132,2.0454545454545454,0.810385,False,
train_0016,C:\Users\tao20\Desktop\Algorithm\AIPlayerDesktop\data\蔡扬的\train\train_0016.json,True,True,140,132,1.0606060606060606,0.992834,False,
train_0017,C:\Users\tao20\Desktop\Algorithm\AIPlayerDesktop\data\蔡扬的\train\train_0017.json,True,True,310,180,1.7222222222222223,0.918991,False,
train_0018,C:\Users\tao20\Desktop\Algorithm\AIPlayerDesktop\data\蔡扬的\train\train_0018.json,True,True,210,106,1.9811320754716981,0.49635,False,
train_0019,C:\Users\tao20\Desktop\Algorithm\AIPlayerDesktop\data\蔡扬的\train\train_0019.json,True,True,140,112,1.25,0.83646,False,
train_0020,C:\Users\tao20\Desktop\Algorithm\AIPlayerDesktop\data\蔡扬的\train\train_0020.json,True,True,320,110,2.909090909090909,0.417335,False,
train_0021,C:\Users\tao20\Desktop\Algorithm\AIPlayerDesktop\data\蔡扬的\train\train_0021.json,True,True,280,200,1.4,1.124095,False,
train_0022,C:\Users\tao20\Desktop\Algorithm\AIPlayerDesktop\data\蔡扬的\train\train_0022.json,True,True,170,88,1.9318181818181819,0.596008,False,
train_0023,C:\Users\tao20\Desktop\Algorithm\AIPlayerDesktop\data\蔡扬的\train\train_0023.json,True,True,200,94,2.127659574468085,0.544462,False,
train_0024,C:\Users\tao20\Desktop\Algorithm\AIPlayerDesktop\data\蔡扬的\train\train_0024.json,True,True,290,186,1.5591397849462365,1.176351,False,
train_0025,C:\Users\tao20\Desktop\Algorithm\AIPlayerDesktop\data\蔡扬的\train\train_0025.json,True,True,290,160,1.8125,1.348113,False,
train_0026,C:\Users\tao20\Desktop\Algorithm\AIPlayerDesktop\data\蔡扬的\train\train_0026.json,True,True,290,106,2.7358490566037736,0.830075,False,
train_0027,C:\Users\tao20\Desktop\Algorithm\AIPlayerDesktop\data\蔡扬的\train\train_0027.json,True,True,310,190,1.631578947368421,1.148457,False,
train_0028,C:\Users\tao20\Desktop\Algorithm\AIPlayerDesktop\data\蔡扬的\train\train_0028.json,True,True,280,162,1.728395061728395,0.854407,False,
train_0029,C:\Users\tao20\Desktop\Algorithm\AIPlayerDesktop\data\蔡扬的\train\train_0029.json,True,True,170,132,1.2878787878787878,0.889121,False,
train_0030,C:\Users\tao20\Desktop\Algorithm\AIPlayerDesktop\data\蔡扬的\train\train_0030.json,True,True,190,104,1.8269230769230769,0.631817,False,
train_0031,C:\Users\tao20\Desktop\Algorithm\AIPlayerDesktop\data\蔡扬的\train\train_0031.json,True,True,340,128,2.65625,0.744701,False,
train_0032,C:\Users\tao20\Desktop\Algorithm\AIPlayerDesktop\data\蔡扬的\train\train_0032.json,True,True,200,148,1.3513513513513513,0.794669,False,
train_0033,C:\Users\tao20\Desktop\Algorithm\AIPlayerDesktop\data\蔡扬的\train\train_0033.json,True,True,250,108,2.314814814814815,0.597665,False,
train_0034,C:\Users\tao20\Desktop\Algorithm\AIPlayerDesktop\data\蔡扬的\train\train_0034.json,True,True,220,78,2.8205128205128207,0.389951,False,
train_0035,C:\Users\tao20\Desktop\Algorithm\AIPlayerDesktop\data\蔡扬的\train\train_0035.json,True,True,210,174,1.206896551724138,0.863958,False,
train_0036,C:\Users\tao20\Desktop\Algorithm\AIPlayerDesktop\data\蔡扬的\train\train_0036.json,True,True,240,156,1.5384615384615385,0.598959,False,
train_0037,C:\Users\tao20\Desktop\Algorithm\AIPlayerDesktop\data\蔡扬的\train\train_0037.json,True,True,280,240,1.1666666666666667,2.295492,False,
train_0038,C:\Users\tao20\Desktop\Algorithm\AIPlayerDesktop\data\蔡扬的\train\train_0038.json,True,True,210,138,1.5217391304347827,1.19267,False,
train_0039,C:\Users\tao20\Desktop\Algorithm\AIPlayerDesktop\data\蔡扬的\train\train_0039.json,True,True,210,100,2.1,0.583841,False,
train_0040,C:\Users\tao20\Desktop\Algorithm\AIPlayerDesktop\data\蔡扬的\train\train_0040.json,True,True,280,200,1.4,1.245714,False,
train_0041,C:\Users\tao20\Desktop\Algorithm\AIPlayerDesktop\data\蔡扬的\train\train_0041.json,True,True,280,144,1.9444444444444444,1.111123,False,
train_0042,C:\Users\tao20\Desktop\Algorithm\AIPlayerDesktop\data\蔡扬的\train\train_0042.json,True,True,250,102,2.450980392156863,0.451075,False,
train_0043,C:\Users\tao20\Desktop\Algorithm\AIPlayerDesktop\data\蔡扬的\train\train_0043.json,True,True,200,64,3.125,0.506722,False,
train_0044,C:\Users\tao20\Desktop\Algorithm\AIPlayerDesktop\data\蔡扬的\train\train_0044.json,True,True,310,164,1.8902439024390243,1.004443,False,
train_0045,C:\Users\tao20\Desktop\Algorithm\AIPlayerDesktop\data\蔡扬的\train\train_0045.json,True,True,280,168,1.6666666666666667,1.230462,False,
train_0046,C:\Users\tao20\Desktop\Algorithm\AIPlayerDesktop\data\蔡扬的\train\train_0046.json,True,True,340,134,2.537313432835821,1.144533,False,
train_0047,C:\Users\tao20\Desktop\Algorithm\AIPlayerDesktop\data\蔡扬的\train\train_0047.json,True,True,220,80,2.75,0.343372,False,
train_0048,C:\Users\tao20\Desktop\Algorithm\AIPlayerDesktop\data\蔡扬的\train\train_0048.json,True,True,230,106,2.169811320754717,0.582704,False,
train_0049,C:\Users\tao20\Desktop\Algorithm\AIPlayerDesktop\data\蔡扬的\train\train_0049.json,True,True,270,140,1.9285714285714286,1.164319,False,
train_0050,C:\Users\tao20\Desktop\Algorithm\AIPlayerDesktop\data\蔡扬的\train\train_0050.json,True,True,190,94,2.021276595744681,0.436544,False,
train_0051,C:\Users\tao20\Desktop\Algorithm\AIPlayerDesktop\data\蔡扬的\train\train_0051.json,True,True,300,124,2.4193548387096775,0.758877,False,
train_0052,C:\Users\tao20\Desktop\Algorithm\AIPlayerDesktop\data\蔡扬的\train\train_0052.json,True,True,260,184,1.4130434782608696,1.228306,False,
train_0053,C:\Users\tao20\Desktop\Algorithm\AIPlayerDesktop\data\蔡扬的\train\train_0053.json,True,True,230,120,1.9166666666666667,0.847095,False,
train_0054,C:\Users\tao20\Desktop\Algorithm\AIPlayerDesktop\data\蔡扬的\train\train_0054.json,True,True,280,116,2.413793103448276,0.581577,False,
train_0055,C:\Users\tao20\Desktop\Algorithm\AIPlayerDesktop\data\蔡扬的\train\train_0055.json,True,True,210,160,1.3125,0.7954,False,
train_0056,C:\Users\tao20\Desktop\Algorithm\AIPlayerDesktop\data\蔡扬的\train\train_0056.json,True,True,280,172,1.627906976744186,1.268296,False,
train_0057,C:\Users\tao20\Desktop\Algorithm\AIPlayerDesktop\data\蔡扬的\train\train_0057.json,True,True,170,70,2.4285714285714284,0.493331,False,
train_0058,C:\Users\tao20\Desktop\Algorithm\AIPlayerDesktop\data\蔡扬的\train\train_0058.json,True,True,310,174,1.7816091954022988,1.00783,False,
train_0059,C:\Users\tao20\Desktop\Algorithm\AIPlayerDesktop\data\蔡扬的\train\train_0059.json,True,True,280,206,1.3592233009708738,0.966022,False,
train_0060,C:\Users\tao20\Desktop\Algorithm\AIPlayerDesktop\data\蔡扬的\train\train_0060.json,True,True,280,188,1.4893617021276595,1.464097,False,
train_0061,C:\Users\tao20\Desktop\Algorithm\AIPlayerDesktop\data\蔡扬的\train\train_0061.json,True,True,270,112,2.4107142857142856,0.702207,False,
train_0062,C:\Users\tao20\Desktop\Algorithm\AIPlayerDesktop\data\蔡扬的\train\train_0062.json,True,True,350,98,3.5714285714285716,0.440126,False,
train_0063,C:\Users\tao20\Desktop\Algorithm\AIPlayerDesktop\data\蔡扬的\train\train_0063.json,True,True,140,134,1.044776119402985,0.642362,False,
train_0064,C:\Users\tao20\Desktop\Algorithm\AIPlayerDesktop\data\蔡扬的\train\train_0064.json,True,True,250,84,2.9761904761904763,0.435313,False,
train_0065,C:\Users\tao20\Desktop\Algorithm\AIPlayerDesktop\data\蔡扬的\train\train_0065.json,True,True,300,104,2.8846153846153846,0.556822,False,
train_0066,C:\Users\tao20\Desktop\Algorithm\AIPlayerDesktop\data\蔡扬的\train\train_0066.json,True,True,280,206,1.3592233009708738,1.276089,False,
train_0067,C:\Users\tao20\Desktop\Algorithm\AIPlayerDesktop\data\蔡扬的\train\train_0067.json,True,True,280,214,1.308411214953271,1.141374,False,
train_0068,C:\Users\tao20\Desktop\Algorithm\AIPlayerDesktop\data\蔡扬的\train\train_0068.json,True,True,280,140,2.0,0.729697,False,
train_0069,C:\Users\tao20\Desktop\Algorithm\AIPlayerDesktop\data\蔡扬的\train\train_0069.json,True,True,290,158,1.8354430379746836,0.610523,False,
train_0070,C:\Users\tao20\Desktop\Algorithm\AIPlayerDesktop\data\蔡扬的\train\train_0070.json,True,True,170,90,1.8888888888888888,0.636881,False,
train_0071,C:\Users\tao20\Desktop\Algorithm\AIPlayerDesktop\data\蔡扬的\train\train_0071.json,True,True,260,132,1.9696969696969697,0.773266,False,
train_0072,C:\Users\tao20\Desktop\Algorithm\AIPlayerDesktop\data\蔡扬的\train\train_0072.json,True,True,300,126,2.380952380952381,0.524308,False,
train_0073,C:\Users\tao20\Desktop\Algorithm\AIPlayerDesktop\data\蔡扬的\train\train_0073.json,True,True,160,172,0.9302325581395349,0.955447,False,
train_0074,C:\Users\tao20\Desktop\Algorithm\AIPlayerDesktop\data\蔡扬的\train\train_0074.json,True,True,280,176,1.5909090909090908,0.914626,False,
train_0075,C:\Users\tao20\Desktop\Algorithm\AIPlayerDesktop\data\蔡扬的\train\train_0075.json,True,True,230,158,1.4556962025316456,1.31138,False,
train_0076,C:\Users\tao20\Desktop\Algorithm\AIPlayerDesktop\data\蔡扬的\train\train_0076.json,True,False,20,900,0.022222222222222223,4.266722,False,
train_0077,C:\Users\tao20\Desktop\Algorithm\AIPlayerDesktop\data\蔡扬的\train\train_0077.json,True,True,240,188,1.2765957446808511,1.245213,False,
train_0078,C:\Users\tao20\Desktop\Algorithm\AIPlayerDesktop\data\蔡扬的\train\train_0078.json,True,True,170,118,1.4406779661016949,0.913413,False,
train_0079,C:\Users\tao20\Desktop\Algorithm\AIPlayerDesktop\data\蔡扬的\train\train_0079.json,True,True,230,94,2.4468085106382977,0.360683,False,
train_0080,C:\Users\tao20\Desktop\Algorithm\AIPlayerDesktop\data\蔡扬的\train\train_0080.json,True,True,310,152,2.039473684210526,1.064073,False,
train_0081,C:\Users\tao20\Desktop\Algorithm\AIPlayerDesktop\data\蔡扬的\train\train_0081.json,True,True,280,202,1.386138613861386,1.290262,False,
train_0082,C:\Users\tao20\Desktop\Algorithm\AIPlayerDesktop\data\蔡扬的\train\train_0082.json,True,True,250,82,3.048780487804878,0.728133,False,
train_0083,C:\Users\tao20\Desktop\Algorithm\AIPlayerDesktop\data\蔡扬的\train\train_0083.json,True,True,280,172,1.627906976744186,0.759378,False,
train_0084,C:\Users\tao20\Desktop\Algorithm\AIPlayerDesktop\data\蔡扬的\train\train_0084.json,True,True,170,116,1.4655172413793103,0.994235,False,
train_0085,C:\Users\tao20\Desktop\Algorithm\AIPlayerDesktop\data\蔡扬的\train\train_0085.json,True,True,200,78,2.5641025641025643,0.41454,False,
train_0086,C:\Users\tao20\Desktop\Algorithm\AIPlayerDesktop\data\蔡扬的\train\train_0086.json,True,True,280,170,1.6470588235294117,1.36358,False,
train_0087,C:\Users\tao20\Desktop\Algorithm\AIPlayerDesktop\data\蔡扬的\train\train_0087.json,True,True,160,112,1.4285714285714286,0.627479,False,
train_0088,C:\Users\tao20\Desktop\Algorithm\AIPlayerDesktop\data\蔡扬的\train\train_0088.json,True,True,250,78,3.2051282051282053,0.346146,False,
train_0089,C:\Users\tao20\Desktop\Algorithm\AIPlayerDesktop\data\蔡扬的\train\train_0089.json,True,True,290,168,1.7261904761904763,1.062151,False,
train_0090,C:\Users\tao20\Desktop\Algorithm\AIPlayerDesktop\data\蔡扬的\train\train_0090.json,True,True,270,104,2.5961538461538463,0.624453,False,
train_0091,C:\Users\tao20\Desktop\Algorithm\AIPlayerDesktop\data\蔡扬的\train\train_0091.json,True,True,170,110,1.5454545454545454,0.832187,False,
train_0092,C:\Users\tao20\Desktop\Algorithm\AIPlayerDesktop\data\蔡扬的\train\train_0092.json,True,True,250,56,4.464285714285714,0.254239,False,
train_0093,C:\Users\tao20\Desktop\Algorithm\AIPlayerDesktop\data\蔡扬的\train\train_0093.json,True,True,210,146,1.4383561643835616,1.047015,False,
train_0094,C:\Users\tao20\Desktop\Algorithm\AIPlayerDesktop\data\蔡扬的\train\train_0094.json,True,True,310,180,1.7222222222222223,1.427243,False,
train_0095,C:\Users\tao20\Desktop\Algorithm\AIPlayerDesktop\data\蔡扬的\train\train_0095.json,True,True,250,86,2.9069767441860463,0.622627,False,
train_0096,C:\Users\tao20\Desktop\Algorithm\AIPlayerDesktop\data\蔡扬的\train\train_0096.json,True,True,300,118,2.542372881355932,0.574444,False,
train_0097,C:\Users\tao20\Desktop\Algorithm\AIPlayerDesktop\data\蔡扬的\train\train_0097.json,True,True,300,76,3.9473684210526314,0.394274,False,
train_0098,C:\Users\tao20\Desktop\Algorithm\AIPlayerDesktop\data\蔡扬的\train\train_0098.json,True,True,170,80,2.125,0.512459,False,
train_0099,C:\Users\tao20\Desktop\Algorithm\AIPlayerDesktop\data\蔡扬的\train\train_0099.json,True,True,200,66,3.0303030303030303,0.304694,False,
train_0100,C:\Users\tao20\Desktop\Algorithm\AIPlayerDesktop\data\蔡扬的\train\train_0100.json,True,True,240,156,1.5384615384615385,0.842713,False,
train_0101,C:\Users\tao20\Desktop\Algorithm\AIPlayerDesktop\data\蔡扬的\train\train_0101.json,True,True,270,96,2.8125,0.651265,False,
train_0102,C:\Users\tao20\Desktop\Algorithm\AIPlayerDesktop\data\蔡扬的\train\train_0102.json,True,True,170,112,1.5178571428571428,0.510172,False,
train_0103,C:\Users\tao20\Desktop\Algorithm\AIPlayerDesktop\data\蔡扬的\train\train_0103.json,True,True,280,186,1.5053763440860215,1.034396,False,
train_0104,C:\Users\tao20\Desktop\Algorithm\AIPlayerDesktop\data\蔡扬的\train\train_0104.json,True,True,190,142,1.3380281690140845,0.661769,False,
train_0105,C:\Users\tao20\Desktop\Algorithm\AIPlayerDesktop\data\蔡扬的\train\train_0105.json,True,True,310,160,1.9375,1.483856,False,
train_0106,C:\Users\tao20\Desktop\Algorithm\AIPlayerDesktop\data\蔡扬的\train\train_0106.json,True,True,310,192,1.6145833333333333,1.445622,False,
train_0107,C:\Users\tao20\Desktop\Algorithm\AIPlayerDesktop\data\蔡扬的\train\train_0107.json,True,True,340,162,2.0987654320987654,0.900191,False,
train_0108,C:\Users\tao20\Desktop\Algorithm\AIPlayerDesktop\data\蔡扬的\train\train_0108.json,True,True,280,184,1.5217391304347827,1.114934,False,
train_0109,C:\Users\tao20\Desktop\Algorithm\AIPlayerDesktop\data\蔡扬的\train\train_0109.json,True,True,250,182,1.3736263736263736,0.958331,False,
train_0110,C:\Users\tao20\Desktop\Algorithm\AIPlayerDesktop\data\蔡扬的\train\train_0110.json,True,True,250,66,3.787878787878788,0.253939,False,
train_0111,C:\Users\tao20\Desktop\Algorithm\AIPlayerDesktop\data\蔡扬的\train\train_0111.json,True,True,310,178,1.7415730337078652,1.1813,False,
train_0112,C:\Users\tao20\Desktop\Algorithm\AIPlayerDesktop\data\蔡扬的\train\train_0112.json,True,True,350,130,2.6923076923076925,0.519845,False,
train_0113,C:\Users\tao20\Desktop\Algorithm\AIPlayerDesktop\data\蔡扬的\train\train_0113.json,True,True,240,120,2.0,0.574992,False,
train_0114,C:\Users\tao20\Desktop\Algorithm\AIPlayerDesktop\data\蔡扬的\train\train_0114.json,True,True,280,188,1.4893617021276595,1.180729,False,
train_0115,C:\Users\tao20\Desktop\Algorithm\AIPlayerDesktop\data\蔡扬的\train\train_0115.json,True,True,170,144,1.1805555555555556,0.77106,False,
train_0116,C:\Users\tao20\Desktop\Algorithm\AIPlayerDesktop\data\蔡扬的\train\train_0116.json,True,True,280,208,1.3461538461538463,1.42104,False,
train_0117,C:\Users\tao20\Desktop\Algorithm\AIPlayerDesktop\data\蔡扬的\train\train_0117.json,True,True,200,94,2.127659574468085,0.399745,False,
train_0118,C:\Users\tao20\Desktop\Algorithm\AIPlayerDesktop\data\蔡扬的\train\train_0118.json,True,True,290,202,1.4356435643564356,1.234816,False,
train_0119,C:\Users\tao20\Desktop\Algorithm\AIPlayerDesktop\data\蔡扬的\train\train_0119.json,True,True,280,206,1.3592233009708738,0.870704,False,
train_0120,C:\Users\tao20\Desktop\Algorithm\AIPlayerDesktop\data\蔡扬的\train\train_0120.json,True,True,280,164,1.7073170731707317,1.109848,False,
train_0121,C:\Users\tao20\Desktop\Algorithm\AIPlayerDesktop\data\蔡扬的\train\train_0121.json,True,True,290,136,2.1323529411764706,0.591336,False,
train_0122,C:\Users\tao20\Desktop\Algorithm\AIPlayerDesktop\data\蔡扬的\train\train_0122.json,True,True,110,116,0.9482758620689655,0.630539,False,
train_0123,C:\Users\tao20\Desktop\Algorithm\AIPlayerDesktop\data\蔡扬的\train\train_0123.json,True,True,370,130,2.8461538461538463,0.732923,False,
train_0124,C:\Users\tao20\Desktop\Algorithm\AIPlayerDesktop\data\蔡扬的\train\train_0124.json,True,True,190,72,2.638888888888889,0.390758,False,
train_0125,C:\Users\tao20\Desktop\Algorithm\AIPlayerDesktop\data\蔡扬的\train\train_0125.json,True,True,280,198,1.4141414141414141,1.111019,False,
train_0126,C:\Users\tao20\Desktop\Algorithm\AIPlayerDesktop\data\蔡扬的\train\train_0126.json,True,True,320,94,3.404255319148936,0.443004,False,
train_0127,C:\Users\tao20\Desktop\Algorithm\AIPlayerDesktop\data\蔡扬的\train\train_0127.json,True,True,320,132,2.4242424242424243,0.561507,False,
train_0128,C:\Users\tao20\Desktop\Algorithm\AIPlayerDesktop\data\蔡扬的\train\train_0128.json,True,True,320,106,3.018867924528302,0.64807,False,
train_0129,C:\Users\tao20\Desktop\Algorithm\AIPlayerDesktop\data\蔡扬的\train\train_0129.json,True,True,200,90,2.2222222222222223,0.57027,False,
train_0130,C:\Users\tao20\Desktop\Algorithm\AIPlayerDesktop\data\蔡扬的\train\train_0130.json,True,True,280,186,1.5053763440860215,1.652836,False,
train_0131,C:\Users\tao20\Desktop\Algorithm\AIPlayerDesktop\data\蔡扬的\train\train_0131.json,True,True,280,172,1.627906976744186,0.819334,False,
train_0132,C:\Users\tao20\Desktop\Algorithm\AIPlayerDesktop\data\蔡扬的\train\train_0132.json,True,True,320,156,2.051282051282051,1.161345,False,
train_0133,C:\Users\tao20\Desktop\Algorithm\AIPlayerDesktop\data\蔡扬的\train\train_0133.json,True,True,290,168,1.7261904761904763,0.981156,False,
train_0134,C:\Users\tao20\Desktop\Algorithm\AIPlayerDesktop\data\蔡扬的\train\train_0134.json,True,True,280,166,1.6867469879518073,0.602531,False,
train_0135,C:\Users\tao20\Desktop\Algorithm\AIPlayerDesktop\data\蔡扬的\train\train_0135.json,True,True,300,98,3.061224489795918,0.648568,False,
train_0136,C:\Users\tao20\Desktop\Algorithm\AIPlayerDesktop\data\蔡扬的\train\train_0136.json,True,True,210,142,1.4788732394366197,0.586622,False,
train_0137,C:\Users\tao20\Desktop\Algorithm\AIPlayerDesktop\data\蔡扬的\train\train_0137.json,True,True,210,80,2.625,0.51306,False,
train_0138,C:\Users\tao20\Desktop\Algorithm\AIPlayerDesktop\data\蔡扬的\train\train_0138.json,True,True,310,122,2.540983606557377,0.900237,False,
train_0139,C:\Users\tao20\Desktop\Algorithm\AIPlayerDesktop\data\蔡扬的\train\train_0139.json,True,True,260,178,1.4606741573033708,0.926145,False,
train_0140,C:\Users\tao20\Desktop\Algorithm\AIPlayerDesktop\data\蔡扬的\train\train_0140.json,True,True,300,112,2.6785714285714284,0.733751,False,
train_0141,C:\Users\tao20\Desktop\Algorithm\AIPlayerDesktop\data\蔡扬的\train\train_0141.json,True,True,200,120,1.6666666666666667,0.651235,False,
train_0142,C:\Users\tao20\Desktop\Algorithm\AIPlayerDesktop\data\蔡扬的\train\train_0142.json,True,True,140,152,0.9210526315789473,1.215848,False,
train_0143,C:\Users\tao20\Desktop\Algorithm\AIPlayerDesktop\data\蔡扬的\train\train_0143.json,True,True,110,174,0.632183908045977,1.615916,False,
train_0144,C:\Users\tao20\Desktop\Algorithm\AIPlayerDesktop\data\蔡扬的\train\train_0144.json,True,True,200,148,1.3513513513513513,0.835083,False,
train_0145,C:\Users\tao20\Desktop\Algorithm\AIPlayerDesktop\data\蔡扬的\train\train_0145.json,True,True,170,96,1.7708333333333333,0.387913,False,
train_0146,C:\Users\tao20\Desktop\Algorithm\AIPlayerDesktop\data\蔡扬的\train\train_0146.json,True,True,240,132,1.8181818181818181,0.549635,False,
train_0147,C:\Users\tao20\Desktop\Algorithm\AIPlayerDesktop\data\蔡扬的\train\train_0147.json,True,True,280,192,1.4583333333333333,0.844234,False,
train_0148,C:\Users\tao20\Desktop\Algorithm\AIPlayerDesktop\data\蔡扬的\train\train_0148.json,True,True,310,202,1.5346534653465347,1.156955,False,
train_0149,C:\Users\tao20\Desktop\Algorithm\AIPlayerDesktop\data\蔡扬的\train\train_0149.json,True,True,200,152,1.3157894736842106,1.04514,False,
train_0150,C:\Users\tao20\Desktop\Algorithm\AIPlayerDesktop\data\蔡扬的\train\train_0150.json,True,True,230,146,1.5753424657534247,0.674458,False,
train_0151,C:\Users\tao20\Desktop\Algorithm\AIPlayerDesktop\data\蔡扬的\train\train_0151.json,True,True,290,116,2.5,0.996725,False,
train_0152,C:\Users\tao20\Desktop\Algorithm\AIPlayerDesktop\data\蔡扬的\train\train_0152.json,True,True,190,170,1.1176470588235294,1.416559,False,
train_0153,C:\Users\tao20\Desktop\Algorithm\AIPlayerDesktop\data\蔡扬的\train\train_0153.json,True,True,370,104,3.5576923076923075,0.461131,False,
train_0154,C:\Users\tao20\Desktop\Algorithm\AIPlayerDesktop\data\蔡扬的\train\train_0154.json,True,True,200,70,2.857142857142857,0.500686,False,
train_0155,C:\Users\tao20\Desktop\Algorithm\AIPlayerDesktop\data\蔡扬的\train\train_0155.json,True,True,280,204,1.3725490196078431,1.667827,False,
train_0156,C:\Users\tao20\Desktop\Algorithm\AIPlayerDesktop\data\蔡扬的\train\train_0156.json,True,True,220,68,3.235294117647059,0.35969,False,
train_0157,C:\Users\tao20\Desktop\Algorithm\AIPlayerDesktop\data\蔡扬的\train\train_0157.json,True,True,240,86,2.7906976744186047,0.615084,False,
train_0158,C:\Users\tao20\Desktop\Algorithm\AIPlayerDesktop\data\蔡扬的\train\train_0158.json,True,True,200,96,2.0833333333333335,0.71212,False,
train_0159,C:\Users\tao20\Desktop\Algorithm\AIPlayerDesktop\data\蔡扬的\train\train_0159.json,True,True,280,202,1.386138613861386,1.078568,False,
train_0160,C:\Users\tao20\Desktop\Algorithm\AIPlayerDesktop\data\蔡扬的\train\train_0160.json,True,True,280,198,1.4141414141414141,1.592974,False,
train_0161,C:\Users\tao20\Desktop\Algorithm\AIPlayerDesktop\data\蔡扬的\train\train_0161.json,True,True,280,224,1.25,1.379619,False,
train_0162,C:\Users\tao20\Desktop\Algorithm\AIPlayerDesktop\data\蔡扬的\train\train_0162.json,True,True,220,114,1.9298245614035088,0.587151,False,
train_0163,C:\Users\tao20\Desktop\Algorithm\AIPlayerDesktop\data\蔡扬的\train\train_0163.json,True,True,210,168,1.25,1.280823,False,
train_0164,C:\Users\tao20\Desktop\Algorithm\AIPlayerDesktop\data\蔡扬的\train\train_0164.json,True,True,220,150,1.4666666666666666,0.5963,False,
train_0165,C:\Users\tao20\Desktop\Algorithm\AIPlayerDesktop\data\蔡扬的\train\train_0165.json,True,True,210,178,1.1797752808988764,1.387486,False,
train_0166,C:\Users\tao20\Desktop\Algorithm\AIPlayerDesktop\data\蔡扬的\train\train_0166.json,True,True,170,92,1.8478260869565217,0.512282,False,
train_0167,C:\Users\tao20\Desktop\Algorithm\AIPlayerDesktop\data\蔡扬的\train\train_0167.json,True,True,290,186,1.5591397849462365,0.940393,False,
train_0168,C:\Users\tao20\Desktop\Algorithm\AIPlayerDesktop\data\蔡扬的\train\train_0168.json,True,True,290,134,2.1641791044776117,0.554502,False,
train_0169,C:\Users\tao20\Desktop\Algorithm\AIPlayerDesktop\data\蔡扬的\train\train_0169.json,True,True,250,120,2.0833333333333335,0.928902,False,
train_0170,C:\Users\tao20\Desktop\Algorithm\AIPlayerDesktop\data\蔡扬的\train\train_0170.json,True,True,230,120,1.9166666666666667,0.588398,False,
train_0171,C:\Users\tao20\Desktop\Algorithm\AIPlayerDesktop\data\蔡扬的\train\train_0171.json,True,True,280,200,1.4,1.529415,False,
train_0172,C:\Users\tao20\Desktop\Algorithm\AIPlayerDesktop\data\蔡扬的\train\train_0172.json,True,True,220,110,2.0,0.582483,False,
train_0173,C:\Users\tao20\Desktop\Algorithm\AIPlayerDesktop\data\蔡扬的\train\train_0173.json,True,True,200,114,1.7543859649122806,0.728238,False,
train_0174,C:\Users\tao20\Desktop\Algorithm\AIPlayerDesktop\data\蔡扬的\train\train_0174.json,True,True,250,116,2.1551724137931036,0.510454,False,
train_0175,C:\Users\tao20\Desktop\Algorithm\AIPlayerDesktop\data\蔡扬的\train\train_0175.json,True,True,200,60,3.3333333333333335,0.430591,False,
train_0176,C:\Users\tao20\Desktop\Algorithm\AIPlayerDesktop\data\蔡扬的\train\train_0176.json,True,True,350,114,3.0701754385964914,0.54179,False,
train_0177,C:\Users\tao20\Desktop\Algorithm\AIPlayerDesktop\data\蔡扬的\train\train_0177.json,True,True,240,146,1.643835616438356,1.255436,False,
train_0178,C:\Users\tao20\Desktop\Algorithm\AIPlayerDesktop\data\蔡扬的\train\train_0178.json,True,True,180,118,1.5254237288135593,0.867381,False,
train_0179,C:\Users\tao20\Desktop\Algorithm\AIPlayerDesktop\data\蔡扬的\train\train_0179.json,True,True,170,120,1.4166666666666667,1.120948,False,
train_0180,C:\Users\tao20\Desktop\Algorithm\AIPlayerDesktop\data\蔡扬的\train\train_0180.json,True,True,190,120,1.5833333333333333,0.464212,False,
train_0181,C:\Users\tao20\Desktop\Algorithm\AIPlayerDesktop\data\蔡扬的\train\train_0181.json,True,True,200,160,1.25,1.203312,False,
train_0182,C:\Users\tao20\Desktop\Algorithm\AIPlayerDesktop\data\蔡扬的\train\train_0182.json,True,True,280,214,1.308411214953271,1.178987,False,
train_0183,C:\Users\tao20\Desktop\Algorithm\AIPlayerDesktop\data\蔡扬的\train\train_0183.json,True,True,230,98,2.3469387755102042,0.637768,False,
train_0184,C:\Users\tao20\Desktop\Algorithm\AIPlayerDesktop\data\蔡扬的\train\train_0184.json,True,True,210,102,2.0588235294117645,0.677771,False,
train_0185,C:\Users\tao20\Desktop\Algorithm\AIPlayerDesktop\data\蔡扬的\train\train_0185.json,True,True,140,194,0.7216494845360825,1.007489,False,
train_0186,C:\Users\tao20\Desktop\Algorithm\AIPlayerDesktop\data\蔡扬的\train\train_0186.json,True,True,280,212,1.320754716981132,1.285746,False,
train_0187,C:\Users\tao20\Desktop\Algorithm\AIPlayerDesktop\data\蔡扬的\train\train_0187.json,True,True,240,106,2.2641509433962264,0.482864,False,
train_0188,C:\Users\tao20\Desktop\Algorithm\AIPlayerDesktop\data\蔡扬的\train\train_0188.json,True,True,270,96,2.8125,0.459112,False,
train_0189,C:\Users\tao20\Desktop\Algorithm\AIPlayerDesktop\data\蔡扬的\train\train_0189.json,True,True,260,172,1.5116279069767442,1.026658,False,
train_0190,C:\Users\tao20\Desktop\Algorithm\AIPlayerDesktop\data\蔡扬的\train\train_0190.json,True,True,320,172,1.8604651162790697,0.722479,False,
train_0191,C:\Users\tao20\Desktop\Algorithm\AIPlayerDesktop\data\蔡扬的\train\train_0191.json,True,True,140,66,2.121212121212121,0.355858,False,
train_0192,C:\Users\tao20\Desktop\Algorithm\AIPlayerDesktop\data\蔡扬的\train\train_0192.json,True,True,280,174,1.6091954022988506,0.941801,False,
train_0193,C:\Users\tao20\Desktop\Algorithm\AIPlayerDesktop\data\蔡扬的\train\train_0193.json,True,True,310,188,1.648936170212766,0.852636,False,
train_0194,C:\Users\tao20\Desktop\Algorithm\AIPlayerDesktop\data\蔡扬的\train\train_0194.json,True,True,210,170,1.2352941176470589,0.926413,False,
train_0195,C:\Users\tao20\Desktop\Algorithm\AIPlayerDesktop\data\蔡扬的\train\train_0195.json,True,True,250,80,3.125,0.47683,False,
train_0196,C:\Users\tao20\Desktop\Algorithm\AIPlayerDesktop\data\蔡扬的\train\train_0196.json,True,True,200,112,1.7857142857142858,0.745745,False,
train_0197,C:\Users\tao20\Desktop\Algorithm\AIPlayerDesktop\data\蔡扬的\train\train_0197.json,True,True,310,198,1.5656565656565657,1.30084,False,
train_0198,C:\Users\tao20\Desktop\Algorithm\AIPlayerDesktop\data\蔡扬的\train\train_0198.json,True,True,170,56,3.0357142857142856,0.368715,False,
train_0199,C:\Users\tao20\Desktop\Algorithm\AIPlayerDesktop\data\蔡扬的\train\train_0199.json,True,True,310,176,1.7613636363636365,0.741707,False,
train_0200,C:\Users\tao20\Desktop\Algorithm\AIPlayerDesktop\data\蔡扬的\train\train_0200.json,True,True,270,136,1.9852941176470589,0.61533,False,
train_0201,C:\Users\tao20\Desktop\Algorithm\AIPlayerDesktop\data\蔡扬的\train\train_0201.json,True,True,310,146,2.1232876712328768,0.644385,False,
train_0202,C:\Users\tao20\Desktop\Algorithm\AIPlayerDesktop\data\蔡扬的\train\train_0202.json,True,True,230,104,2.2115384615384617,0.485455,False,
train_0203,C:\Users\tao20\Desktop\Algorithm\AIPlayerDesktop\data\蔡扬的\train\train_0203.json,True,True,260,122,2.1311475409836067,0.744195,False,
train_0204,C:\Users\tao20\Desktop\Algorithm\AIPlayerDesktop\data\蔡扬的\train\train_0204.json,True,True,340,128,2.65625,1.099862,False,
train_0205,C:\Users\tao20\Desktop\Algorithm\AIPlayerDesktop\data\蔡扬的\train\train_0205.json,True,True,160,142,1.1267605633802817,0.819249,False,
train_0206,C:\Users\tao20\Desktop\Algorithm\AIPlayerDesktop\data\蔡扬的\train\train_0206.json,True,True,160,82,1.951219512195122,0.391193,False,
train_0207,C:\Users\tao20\Desktop\Algorithm\AIPlayerDesktop\data\蔡扬的\train\train_0207.json,True,True,250,124,2.0161290322580645,0.816147,False,
train_0208,C:\Users\tao20\Desktop\Algorithm\AIPlayerDesktop\data\蔡扬的\train\train_0208.json,True,True,180,182,0.989010989010989,1.182441,False,
train_0209,C:\Users\tao20\Desktop\Algorithm\AIPlayerDesktop\data\蔡扬的\train\train_0209.json,True,True,280,138,2.028985507246377,1.117792,False,
train_0210,C:\Users\tao20\Desktop\Algorithm\AIPlayerDesktop\data\蔡扬的\train\train_0210.json,True,True,290,174,1.6666666666666667,0.769034,False,
train_0211,C:\Users\tao20\Desktop\Algorithm\AIPlayerDesktop\data\蔡扬的\train\train_0211.json,True,True,190,186,1.021505376344086,0.964052,False,
train_0212,C:\Users\tao20\Desktop\Algorithm\AIPlayerDesktop\data\蔡扬的\train\train_0212.json,True,True,350,66,5.303030303030303,0.491891,False,
train_0213,C:\Users\tao20\Desktop\Algorithm\AIPlayerDesktop\data\蔡扬的\train\train_0213.json,True,True,200,72,2.7777777777777777,0.325046,False,
train_0214,C:\Users\tao20\Desktop\Algorithm\AIPlayerDesktop\data\蔡扬的\train\train_0214.json,True,True,270,148,1.8243243243243243,0.789151,False,
train_0215,C:\Users\tao20\Desktop\Algorithm\AIPlayerDesktop\data\蔡扬的\train\train_0215.json,True,True,210,130,1.6153846153846154,0.560339,False,
train_0216,C:\Users\tao20\Desktop\Algorithm\AIPlayerDesktop\data\蔡扬的\train\train_0216.json,True,True,260,172,1.5116279069767442,1.311542,False,
train_0217,C:\Users\tao20\Desktop\Algorithm\AIPlayerDesktop\data\蔡扬的\train\train_0217.json,True,True,290,110,2.6363636363636362,0.598029,False,
train_0218,C:\Users\tao20\Desktop\Algorithm\AIPlayerDesktop\data\蔡扬的\train\train_0218.json,True,True,170,118,1.4406779661016949,0.796895,False,
train_0219,C:\Users\tao20\Desktop\Algorithm\AIPlayerDesktop\data\蔡扬的\train\train_0219.json,True,True,300,114,2.6315789473684212,0.845833,False,
train_0220,C:\Users\tao20\Desktop\Algorithm\AIPlayerDesktop\data\蔡扬的\train\train_0220.json,True,True,160,58,2.7586206896551726,0.363574,False,
train_0221,C:\Users\tao20\Desktop\Algorithm\AIPlayerDesktop\data\蔡扬的\train\train_0221.json,True,True,290,90,3.2222222222222223,0.381461,False,
train_0222,C:\Users\tao20\Desktop\Algorithm\AIPlayerDesktop\data\蔡扬的\train\train_0222.json,True,True,220,96,2.2916666666666665,0.47779,False,
train_0223,C:\Users\tao20\Desktop\Algorithm\AIPlayerDesktop\data\蔡扬的\train\train_0223.json,True,True,140,74,1.8918918918918919,0.300555,False,
train_0224,C:\Users\tao20\Desktop\Algorithm\AIPlayerDesktop\data\蔡扬的\train\train_0224.json,True,True,280,162,1.728395061728395,0.944381,False,
train_0225,C:\Users\tao20\Desktop\Algorithm\AIPlayerDesktop\data\蔡扬的\train\train_0225.json,True,True,250,86,2.9069767441860463,0.513071,False,
train_0226,C:\Users\tao20\Desktop\Algorithm\AIPlayerDesktop\data\蔡扬的\train\train_0226.json,True,True,310,134,2.3134328358208953,0.656032,False,
train_0227,C:\Users\tao20\Desktop\Algorithm\AIPlayerDesktop\data\蔡扬的\train\train_0227.json,True,True,280,196,1.4285714285714286,1.302169,False,
train_0228,C:\Users\tao20\Desktop\Algorithm\AIPlayerDesktop\data\蔡扬的\train\train_0228.json,True,True,280,106,2.641509433962264,0.528544,False,
train_0229,C:\Users\tao20\Desktop\Algorithm\AIPlayerDesktop\data\蔡扬的\train\train_0229.json,True,True,170,110,1.5454545454545454,0.933033,False,
train_0230,C:\Users\tao20\Desktop\Algorithm\AIPlayerDesktop\data\蔡扬的\train\train_0230.json,True,True,280,216,1.2962962962962963,1.359337,False,
train_0231,C:\Users\tao20\Desktop\Algorithm\AIPlayerDesktop\data\蔡扬的\train\train_0231.json,True,True,290,80,3.625,0.507549,False,
train_0232,C:\Users\tao20\Desktop\Algorithm\AIPlayerDesktop\data\蔡扬的\train\train_0232.json,True,True,280,222,1.2612612612612613,1.57391,False,
train_0233,C:\Users\tao20\Desktop\Algorithm\AIPlayerDesktop\data\蔡扬的\train\train_0233.json,True,True,260,108,2.4074074074074074,0.610713,False,
train_0234,C:\Users\tao20\Desktop\Algorithm\AIPlayerDesktop\data\蔡扬的\train\train_0234.json,True,True,340,152,2.236842105263158,1.180072,False,
train_0235,C:\Users\tao20\Desktop\Algorithm\AIPlayerDesktop\data\蔡扬的\train\train_0235.json,True,True,340,122,2.7868852459016393,0.551901,False,
train_0236,C:\Users\tao20\Desktop\Algorithm\AIPlayerDesktop\data\蔡扬的\train\train_0236.json,True,True,230,124,1.8548387096774193,0.531231,False,
train_0237,C:\Users\tao20\Desktop\Algorithm\AIPlayerDesktop\data\蔡扬的\train\train_0237.json,True,True,170,84,2.0238095238095237,0.561572,False,
train_0238,C:\Users\tao20\Desktop\Algorithm\AIPlayerDesktop\data\蔡扬的\train\train_0238.json,True,True,220,146,1.5068493150684932,0.975149,False,
train_0239,C:\Users\tao20\Desktop\Algorithm\AIPlayerDesktop\data\蔡扬的\train\train_0239.json,True,True,310,202,1.5346534653465347,1.219251,False,
train_0240,C:\Users\tao20\Desktop\Algorithm\AIPlayerDesktop\data\蔡扬的\train\train_0240.json,True,True,310,124,2.5,0.830752,False,
train_0241,C:\Users\tao20\Desktop\Algorithm\AIPlayerDesktop\data\蔡扬的\train\train_0241.json,True,True,310,194,1.597938144329897,1.14426,False,
train_0242,C:\Users\tao20\Desktop\Algorithm\AIPlayerDesktop\data\蔡扬的\train\train_0242.json,True,True,260,174,1.4942528735632183,0.856399,False,
train_0243,C:\Users\tao20\Desktop\Algorithm\AIPlayerDesktop\data\蔡扬的\train\train_0243.json,True,True,250,74,3.3783783783783785,0.638157,False,
train_0244,C:\Users\tao20\Desktop\Algorithm\AIPlayerDesktop\data\蔡扬的\train\train_0244.json,True,True,280,170,1.6470588235294117,1.246891,False,
train_0245,C:\Users\tao20\Desktop\Algorithm\AIPlayerDesktop\data\蔡扬的\train\train_0245.json,True,True,180,138,1.3043478260869565,0.899508,False,
train_0246,C:\Users\tao20\Desktop\Algorithm\AIPlayerDesktop\data\蔡扬的\train\train_0246.json,True,True,160,84,1.9047619047619047,0.351113,False,
train_0247,C:\Users\tao20\Desktop\Algorithm\AIPlayerDesktop\data\蔡扬的\train\train_0247.json,True,True,280,216,1.2962962962962963,1.406509,False,
train_0248,C:\Users\tao20\Desktop\Algorithm\AIPlayerDesktop\data\蔡扬的\train\train_0248.json,True,True,290,138,2.101449275362319,1.024313,False,
train_0249,C:\Users\tao20\Desktop\Algorithm\AIPlayerDesktop\data\蔡扬的\train\train_0249.json,True,True,260,114,2.280701754385965,0.691187,False,
train_0250,C:\Users\tao20\Desktop\Algorithm\AIPlayerDesktop\data\蔡扬的\train\train_0250.json,True,True,290,178,1.6292134831460674,0.823991,False,
train_0251,C:\Users\tao20\Desktop\Algorithm\AIPlayerDesktop\data\蔡扬的\train\train_0251.json,True,True,110,70,1.5714285714285714,0.347793,False,
train_0252,C:\Users\tao20\Desktop\Algorithm\AIPlayerDesktop\data\蔡扬的\train\train_0252.json,True,True,260,176,1.4772727272727273,1.178108,False,
train_0253,C:\Users\tao20\Desktop\Algorithm\AIPlayerDesktop\data\蔡扬的\train\train_0253.json,True,True,200,116,1.7241379310344827,0.753964,False,
train_0254,C:\Users\tao20\Desktop\Algorithm\AIPlayerDesktop\data\蔡扬的\train\train_0254.json,True,True,270,156,1.7307692307692308,0.841655,False,
train_0255,C:\Users\tao20\Desktop\Algorithm\AIPlayerDesktop\data\蔡扬的\train\train_0255.json,True,True,220,60,3.6666666666666665,0.310518,False,
train_0256,C:\Users\tao20\Desktop\Algorithm\AIPlayerDesktop\data\蔡扬的\train\train_0256.json,True,True,280,168,1.6666666666666667,0.88125,False,
train_0257,C:\Users\tao20\Desktop\Algorithm\AIPlayerDesktop\data\蔡扬的\train\train_0257.json,True,True,200,146,1.36986301369863,0.86077,False,
train_0258,C:\Users\tao20\Desktop\Algorithm\AIPlayerDesktop\data\蔡扬的\train\train_0258.json,True,True,250,72,3.4722222222222223,0.531302,False,
train_0259,C:\Users\tao20\Desktop\Algorithm\AIPlayerDesktop\data\蔡扬的\train\train_0259.json,True,True,220,164,1.3414634146341464,1.065032,False,
train_0260,C:\Users\tao20\Desktop\Algorithm\AIPlayerDesktop\data\蔡扬的\train\train_0260.json,True,True,280,232,1.206896551724138,1.274557,False,
train_0261,C:\Users\tao20\Desktop\Algorithm\AIPlayerDesktop\data\蔡扬的\train\train_0261.json,True,True,280,230,1.2173913043478262,1.730698,False,
train_0262,C:\Users\tao20\Desktop\Algorithm\AIPlayerDesktop\data\蔡扬的\train\train_0262.json,True,True,280,184,1.5217391304347827,0.931106,False,
train_0263,C:\Users\tao20\Desktop\Algorithm\AIPlayerDesktop\data\蔡扬的\train\train_0263.json,True,True,260,182,1.4285714285714286,0.974082,False,
train_0264,C:\Users\tao20\Desktop\Algorithm\AIPlayerDesktop\data\蔡扬的\train\train_0264.json,True,True,230,158,1.4556962025316456,0.687652,False,
train_0265,C:\Users\tao20\Desktop\Algorithm\AIPlayerDesktop\data\蔡扬的\train\train_0265.json,True,True,250,108,2.314814814814815,0.493243,False,
train_0266,C:\Users\tao20\Desktop\Algorithm\AIPlayerDesktop\data\蔡扬的\train\train_0266.json,True,True,300,78,3.8461538461538463,0.619673,False,
train_0267,C:\Users\tao20\Desktop\Algorithm\AIPlayerDesktop\data\蔡扬的\train\train_0267.json,True,True,280,214,1.308411214953271,1.132078,False,
train_0268,C:\Users\tao20\Desktop\Algorithm\AIPlayerDesktop\data\蔡扬的\train\train_0268.json,True,True,280,190,1.4736842105263157,1.29879,False,
train_0269,C:\Users\tao20\Desktop\Algorithm\AIPlayerDesktop\data\蔡扬的\train\train_0269.json,True,True,290,82,3.5365853658536586,0.397908,False,
train_0270,C:\Users\tao20\Desktop\Algorithm\AIPlayerDesktop\data\蔡扬的\train\train_0270.json,True,True,190,114,1.6666666666666667,0.921044,False,
train_0271,C:\Users\tao20\Desktop\Algorithm\AIPlayerDesktop\data\蔡扬的\train\train_0271.json,True,True,190,132,1.4393939393939394,0.680323,False,
train_0272,C:\Users\tao20\Desktop\Algorithm\AIPlayerDesktop\data\蔡扬的\train\train_0272.json,True,True,230,204,1.1274509803921569,0.95263,False,
train_0273,C:\Users\tao20\Desktop\Algorithm\AIPlayerDesktop\data\蔡扬的\train\train_0273.json,True,True,190,92,2.0652173913043477,0.475717,False,
train_0274,C:\Users\tao20\Desktop\Algorithm\AIPlayerDesktop\data\蔡扬的\train\train_0274.json,True,True,300,54,5.555555555555555,0.340847,False,
train_0275,C:\Users\tao20\Desktop\Algorithm\AIPlayerDesktop\data\蔡扬的\train\train_0275.json,True,True,200,66,3.0303030303030303,0.271133,False,
train_0276,C:\Users\tao20\Desktop\Algorithm\AIPlayerDesktop\data\蔡扬的\train\train_0276.json,True,True,180,90,2.0,0.554201,False,
train_0277,C:\Users\tao20\Desktop\Algorithm\AIPlayerDesktop\data\蔡扬的\train\train_0277.json,True,True,250,66,3.787878787878788,0.320678,False,
train_0278,C:\Users\tao20\Desktop\Algorithm\AIPlayerDesktop\data\蔡扬的\train\train_0278.json,True,True,230,110,2.090909090909091,0.791052,False,
train_0279,C:\Users\tao20\Desktop\Algorithm\AIPlayerDesktop\data\蔡扬的\train\train_0279.json,True,True,240,178,1.348314606741573,1.168408,False,
train_0280,C:\Users\tao20\Desktop\Algorithm\AIPlayerDesktop\data\蔡扬的\train\train_0280.json,True,True,310,142,2.183098591549296,0.974668,False,
train_0281,C:\Users\tao20\Desktop\Algorithm\AIPlayerDesktop\data\蔡扬的\train\train_0281.json,True,True,280,192,1.4583333333333333,0.766293,False,
train_0282,C:\Users\tao20\Desktop\Algorithm\AIPlayerDesktop\data\蔡扬的\train\train_0282.json,True,True,310,176,1.7613636363636365,1.533904,False,
train_0283,C:\Users\tao20\Desktop\Algorithm\AIPlayerDesktop\data\蔡扬的\train\train_0283.json,True,True,190,164,1.1585365853658536,1.051957,False,
train_0284,C:\Users\tao20\Desktop\Algorithm\AIPlayerDesktop\data\蔡扬的\train\train_0284.json,True,True,310,192,1.6145833333333333,1.371293,False,
train_0285,C:\Users\tao20\Desktop\Algorithm\AIPlayerDesktop\data\蔡扬的\train\train_0285.json,True,True,350,74,4.72972972972973,0.351489,False,
train_0286,C:\Users\tao20\Desktop\Algorithm\AIPlayerDesktop\data\蔡扬的\train\train_0286.json,True,True,200,158,1.2658227848101267,0.891533,False,
train_0287,C:\Users\tao20\Desktop\Algorithm\AIPlayerDesktop\data\蔡扬的\train\train_0287.json,True,True,200,56,3.5714285714285716,0.255465,False,
train_0288,C:\Users\tao20\Desktop\Algorithm\AIPlayerDesktop\data\蔡扬的\train\train_0288.json,True,True,280,168,1.6666666666666667,1.437769,False,
train_0289,C:\Users\tao20\Desktop\Algorithm\AIPlayerDesktop\data\蔡扬的\train\train_0289.json,True,True,250,70,3.5714285714285716,0.347619,False,
train_0290,C:\Users\tao20\Desktop\Algorithm\AIPlayerDesktop\data\蔡扬的\train\train_0290.json,True,True,230,232,0.9913793103448276,1.835347,False,
train_0291,C:\Users\tao20\Desktop\Algorithm\AIPlayerDesktop\data\蔡扬的\train\train_0291.json,True,True,260,124,2.096774193548387,0.6774,False,
train_0292,C:\Users\tao20\Desktop\Algorithm\AIPlayerDesktop\data\蔡扬的\train\train_0292.json,True,True,260,84,3.0952380952380953,0.395737,False,
train_0293,C:\Users\tao20\Desktop\Algorithm\AIPlayerDesktop\data\蔡扬的\train\train_0293.json,True,True,310,162,1.9135802469135803,0.875884,False,
train_0294,C:\Users\tao20\Desktop\Algorithm\AIPlayerDesktop\data\蔡扬的\train\train_0294.json,True,True,170,150,1.1333333333333333,1.323211,False,
train_0295,C:\Users\tao20\Desktop\Algorithm\AIPlayerDesktop\data\蔡扬的\train\train_0295.json,True,True,140,104,1.3461538461538463,0.429643,False,
train_0296,C:\Users\tao20\Desktop\Algorithm\AIPlayerDesktop\data\蔡扬的\train\train_0296.json,True,True,340,176,1.9318181818181819,0.933351,False,
train_0297,C:\Users\tao20\Desktop\Algorithm\AIPlayerDesktop\data\蔡扬的\train\train_0297.json,True,True,170,142,1.1971830985915493,0.930227,False,
train_0298,C:\Users\tao20\Desktop\Algorithm\AIPlayerDesktop\data\蔡扬的\train\train_0298.json,True,True,280,128,2.1875,0.656279,False,
train_0299,C:\Users\tao20\Desktop\Algorithm\AIPlayerDesktop\data\蔡扬的\train\train_0299.json,True,True,190,140,1.3571428571428572,1.204255,False,
train_0300,C:\Users\tao20\Desktop\Algorithm\AIPlayerDesktop\data\蔡扬的\train\train_0300.json,True,True,310,154,2.012987012987013,0.792103,False,
